code,config,d_param_max,d_param_rel_max,d_param_span_max,d_crit_calib,d_nse_cal,d_kge_cal,d_nse_val,d_kge_val,nse_cal_R,nse_val_R,kge_cal_R,kge_val_R,n_runs_R,n_runs_HS,n_iter_R,n_iter_HS
A433301001,GR4J_NSE,0.0,0.0,0.0,2.8891235626617615e-16,2.8891235626617615e-16,4.816324883043824e-15,8.601562134404276e-16,7.444349589121442e-16,0.768553508041936,0.774433532382114,0.852896200082959,0.745681682015273,256,257,24,24
A433301001,GR4J_KGE,4.85402180821691e-16,4.85402180821691e-16,1.2218547970368482e-19,1.2617880957835728e-16,1.8994095022605455e-15,1.2617880957835728e-16,1.4460459024491262e-15,6.946546298808084e-16,0.759862436349297,0.690988246272351,0.879880725087762,0.639294968675673,339,340,33,33
A433301001,GR5J_NSE,8.967937144564463e-16,8.967937144564463e-16,2.0852988536095543e-17,5.754874357636884e-16,5.754874357636884e-16,1.861102493986998e-15,4.3949875597881656e-16,1.8323700419067184e-15,0.771674900705249,0.757833561202618,0.835156709260784,0.727073461735853,1367,1367,108,108
A433301001,GR6J_NSE,1.7347234759768076e-16,1.7347234759768076e-16,6.94583974365088e-18,4.2892983300104444e-16,4.2892983300104444e-16,1.4555021986259302e-15,1.3919979668022934e-16,4.252942404587471e-16,0.776506742506614,0.797575176906018,0.839054264734599,0.783144645994457,1000,1000,25,25
A433301001,CemaNeigeGR4J_NSE,1.9146752634620307e-15,1.9146752634620307e-15,1.1729806051553743e-15,6.88836660050287e-16,6.88836660050287e-16,1.2564716662757981e-16,1.4894831962846438e-16,3.194513446251583e-16,0.805868131745563,0.745374655715814,0.883603709040153,0.695081140402075,1107,1109,36,36
A543101001,GR4J_NSE,5.628144995868263e-16,5.628144995868263e-16,1.3033117835059715e-18,3.7754459134401194e-16,3.7754459134401194e-16,4.274192214802945e-15,2.577439187848914e-16,0.0,0.882192236423968,0.861493089621043,0.883151270233541,0.865495851456848,259,260,24,24
A543101001,GR4J_KGE,3.57605507820504e-16,3.57605507820504e-16,6.516558917529857e-19,1.55475035543324e-15,1.0321911571727345e-15,1.55475035543324e-15,1.3584681497027043e-16,3.791632632871484e-16,0.860478617287254,0.817260989790688,0.928309761736972,0.878426101991079,527,527,55,55
A543101001,GR5J_NSE,1.113238776908867e-16,1.113238776908867e-16,2.5455308271601005e-21,6.284419822185126e-16,6.284419822185126e-16,3.642056092846793e-15,3.8851426203084327e-16,1.6489698296063157e-15,0.883313858747844,0.857283605617303,0.884018996230323,0.807939360460137,520,520,31,31
A543101001,GR6J_NSE,5.181552158067865e-16,5.181552158067865e-16,1.3033117835059715e-18,3.732405546066921e-16,3.732405546066921e-16,5.5710006175474905e-15,1.029111336245156e-15,0.0,0.892365267591356,0.863053771169947,0.896787481063426,0.83210389338242,1073,1073,31,31
A543101001,CemaNeigeGR4J_NSE,1.0604565391922418e-15,1.0604565391922418e-15,9.774838376294786e-17,8.603147516670404e-16,8.603147516670404e-16,3.549037916625713e-15,1.2718754743079612e-16,2.517199222617091e-16,0.903339290337294,0.872902298260951,0.90718860915244,0.882109778717376,1238,1239,44,44
A673122001,GR4J_NSE,4.0635472142607585e-16,4.0635472142607585e-16,9.774838376294785e-19,7.141774069166143e-16,7.141774069166143e-16,4.056820515224946e-15,1.3419208486656415e-15,5.250893560463216e-16,0.777273975536714,0.827338680764311,0.84837161600361,0.845740262559972,224,225,20,20
A673122001,GR4J_KGE,4.861113972282501e-16,4.861113972282501e-16,2.606623567011943e-18,2.7597543728881877e-15,1.443837260316252e-15,2.7597543728881877e-15,5.320250795403617e-16,1.7097830928906691e-15,0.76893917004329,0.834714803733932,0.885039146298801,0.909069835196112,449,449,45,45
A673122001,GR5J_NSE,1.0409811091490305e-15,1.0409811091490305e-15,1.0426494268047772e-17,0.0,0.0,0.0,8.197169048895976e-16,2.689644522623039e-15,0.793368479741338,0.812638864468473,0.856206757822431,0.825553723019447,1272,1273,99,99
A673122001,GR6J_NSE,1.4651077501778644e-16,1.4651077501778644e-16,1.6291397293824643e-19,6.820558920491251e-16,6.820558920491251e-16,1.677316260965104e-15,1.3463534266604509e-15,3.897575295797706e-15,0.813879798977818,0.824614846770954,0.860475728758663,0.826064033935231,1696,1696,79,79
A673122001,CemaNeigeGR4J_NSE,8.6655392178481775e-16,8.6655392178481775e-16,2.28079562113545e-18,2.851537689989353e-16,2.851537689989353e-16,3.9347743621329346e-15,9.341519415558245e-16,2.5983502631594617e-15,0.778683745631503,0.831937592446964,0.846470157457772,0.854559941641726,967,970,25,25
A843101001,GR4J_NSE,5.746923582302576e-16,5.746923582302576e-16,9.774838376294785e-19,4.819027092875603e-16,4.819027092875603e-16,1.0798340875384847e-15,3.929881533597189e-16,1.2738218755800566e-15,0.921532917933994,0.847524039949053,0.925328005194159,0.784411652302358,224,224,20,20
A843101001,GR4J_KGE,5.898012588697489e-16,5.898012588697489e-16,1.3033117835059715e-18,8.146910791493313e-16,4.8856485846546705e-16,8.146910791493313e-16,3.906156741121139e-16,2.352150824363682e-15,0.908966746492783,0.852671639827619,0.953927368456134,0.849605996191125,372,372,37,37
A843101001,GR5J_NSE,8.103963896781428e-16,8.103963896781428e-16,1.0426494268047772e-17,0.0,0.0,5.3595823295996395e-15,5.230423234356792e-16,5.880990276532668e-15,0.921545687549099,0.849050239248324,0.932162863367453,0.774004748677611,891,891,66,66
A843101001,GR6J_NSE,3.52769706485469e-16,3.52769706485469e-16,2.606623567011943e-18,0.0,0.0,1.8919937985321585e-15,7.874873433236168e-16,3.844669990073906e-15,0.924514030682738,0.84589780448236,0.938880899492577,0.779677364826389,1228,1228,43,43
A843101001,CemaNeigeGR4J_NSE,1.6287800051512605e-15,1.6287800051512605e-15,2.1178816481972038e-16,0.0,0.0,0.0,6.49950420672651e-16,4.9601733819364244e-15,0.919756939909352,0.854082857178673,0.928302399758164,0.805778867167388,1001,1000,25,25
A983201001,GR4J_NSE,4.271889735111647e-16,4.271889735111647e-16,9.774838376294785e-19,5.44493338595336e-16,5.44493338595336e-16,5.528137429299431e-16,3.9158376519951565e-16,5.14093982449993e-16,0.815600813401515,0.850563626451281,0.803325198639899,0.863828842605175,225,225,20,20
A983201001,GR4J_KGE,4.807120633151404e-16,4.807120633151404e-16,1.3033117835059715e-18,1.1458087993726229e-15,5.796045317872372e-16,1.1458087993726229e-15,2.2753531429462716e-15,2.8973603224347945e-15,0.766193474161931,0.780695007676967,0.87204839298646,0.881323919867867,314,314,31,31
A983201001,GR5J_NSE,5.514399821145612e-16,5.514399821145612e-16,9.774838376294785e-19,1.3444095339135834e-16,1.3444095339135834e-16,1.3333256702377845e-15,1.032390831695639e-15,2.105848561910723e-15,0.825807164126017,0.860312192274457,0.832672054103001,0.896255873285717,1118,1118,85,85
A983201001,GR6J_NSE,4.282412969358129e-16,4.282412969358129e-16,1.3033117835059715e-18,1.359446919652717e-16,1.359446919652717e-16,1.33896386076722e-15,5.216269642395775e-16,2.9775549189750334e-15,0.816672581014618,0.851354014065303,0.829165787931725,0.894873589776672,1305,1305,49,49
A983201001,CemaNeigeGR4J_NSE,5.440187270709235e-16,5.440187270709235e-16,1.3033117835059715e-18,5.39552575835104e-16,5.39552575835104e-16,8.269352420441755e-16,1.2851364745910264e-16,1.1354124313314568e-15,0.823069390712692,0.863895038835052,0.805545320729611,0.880033276534514,1128,1129,37,37
B134001001,GR4J_NSE,1.9399783853501479e-16,1.9399783853501479e-16,1.3033117835059715e-18,1.0585367989412183e-15,1.0585367989412183e-15,9.374617565709216e-15,5.101493393645927e-16,1.4024279642515763e-15,0.839062393096309,0.870508252354477,0.864528928562272,0.791643530309695,232,232,21,21
B134001001,GR4J_KGE,3.8608526860053126e-16,3.8608526860053126e-16,4.887419188147393e-19,3.6802089338197474e-15,3.5348992265554977e-15,3.6802089338197474e-15,3.870043962892964e-16,3.5099161028208194e-15,0.816594669047516,0.860628226917015,0.905021734844417,0.854038124751425,456,456,46,46
B134001001,GR5J_NSE,1.0040396836522632e-15,1.0040396836522632e-15,1.0426494268047772e-17,1.057236983810103e-15,1.057236983810103e-15,8.444193035875036e-15,5.105063515790282e-16,4.107121024447681e-15,0.84009397448364,0.86989948014646,0.880900547084394,0.783918163659647,2000,2001,166,166
B134001001,GR6J_NSE,3.365066114447262e-16,3.365066114447262e-16,3.0546369925921205e-20,1.3190511896047631e-15,1.3190511896047631e-15,1.0791751822564916e-14,5.095028399396047e-16,2.6610845541231853e-15,0.841683047158936,0.871612825362669,0.884742177985618,0.792693243632329,1923,1923,98,98
B134001001,CemaNeigeGR4J_NSE,1.985945767955389e-15,1.985945767955389e-15,2.7695375399501897e-16,2.4260203700277453e-15,2.4260203700277453e-15,7.624186411464923e-15,5.137383145409162e-16,2.501819608813005e-15,0.869499602249289,0.864426882871111,0.888273198570994,0.798779191467537,1062,1062,30,30
B413201001,GR4J_NSE,3.3040169156459763e-16,3.3040169156459763e-16,2.606623567011943e-18,2.138609055206778e-15,2.138609055206778e-15,2.206693589475565e-15,3.766665516916153e-15,4.529378759395582e-15,0.830613166569847,0.795823826943392,0.90560894084086,0.759859477240375,241,241,22,22
B413201001,GR4J_KGE,2.1416086517590525e-15,2.1416086517590525e-15,2.606623567011943e-18,2.185138687577038e-15,6.697895283104987e-16,2.185138687577038e-15,4.320262632663873e-15,8.614396603513436e-15,0.828784997150988,0.796639387225364,0.91454215500673,0.773279714685306,376,376,37,37
B413201001,GR5J_NSE,8.654025065024285e-16,8.654025065024285e-16,5.551115123125783e-17,5.124177254458048e-16,5.124177254458048e-16,8.545430963637585e-16,5.170588094162578e-16,2.4280802864020805e-15,0.866654660440764,0.858875628386304,0.90944051920208,0.823037629981546,617,617,39,39
B413201001,GR6J_NSE,0.0,0.0,0.0,2.5371552164363546e-16,2.5371552164363546e-16,2.411703013929903e-15,6.568426114532943e-16,1.3189389071933616e-15,0.875171544439096,0.845121042138799,0.920696303162165,0.841754700365658,989,989,24,24
B413201001,CemaNeigeGR4J_NSE,1.781082611875332e-15,1.781082611875332e-15,9.774838376294786e-17,8.942431225712718e-16,8.942431225712718e-16,6.006579034016064e-16,3.8178164741848667e-16,1.5940190458310401e-15,0.86906580282441,0.872401566810933,0.924172493475749,0.905440832584435,1532,1534,67,67
B422431001,GR4J_NSE,1.663926056791008e-16,1.663926056791008e-16,1.0426494268047772e-17,1.7505982305929682e-15,1.7505982305929682e-15,6.4756488149985245e-15,1.0526034225090644e-14,1.6796540607916528e-14,0.697615995346921,0.706675857775343,0.822940012722411,0.654373314145931,225,225,20,20
B422431001,GR4J_KGE,1.9819616950628013e-16,1.9819616950628013e-16,1.0426494268047772e-17,2.4932865380730283e-15,8.053419157258986e-16,2.4932865380730283e-15,4.752621221264169e-15,1.0172338088288376e-14,0.68928675072404,0.747527209386045,0.846041445528397,0.731247251165653,341,341,34,34
B422431001,GR5J_NSE,1.0405384948998666e-15,1.0405384948998666e-15,1.3033117835059715e-17,5.784469488166933e-16,5.784469488166933e-16,1.5982722619738462e-15,9.317509589031763e-16,3.3652444030848345e-15,0.767726773835559,0.834081371005456,0.833567384761376,0.758789749207255,492,492,27,27
B422431001,GR6J_NSE,7.776621221749681e-16,7.776621221749681e-16,6.5165589175298575e-18,1.6516402165533412e-15,1.6516402165533412e-15,5.610886206402059e-15,1.3147253623261322e-16,4.3636836139365357e-16,0.806633076742571,0.84445242819447,0.850838678645996,0.763270064593622,1498,1497,66,66
B422431001,CemaNeigeGR4J_NSE,1.6147496099678157e-16,1.6147496099678157e-16,1.0426494268047772e-17,2.387671548149658e-15,2.387671548149658e-15,1.686724071245013e-14,2.0803746106309885e-14,3.0221800731428904e-14,0.697472203925325,0.709774391211013,0.822765741261457,0.661244993997681,1075,1076,33,33
B460101001,GR4J_NSE,0.0,0.0,0.0,1.498034740554146e-15,1.498034740554146e-15,3.746740871592133e-15,2.8990901291272156e-15,4.023739235283403e-15,0.88934361365836,0.842502490569573,0.918582708089839,0.800162879140001,271,271,25,25
B460101001,GR4J_KGE,1.275188224458138e-16,1.275188224458138e-16,2.606623567011943e-18,2.708562574525525e-15,0.0,2.708562574525525e-15,2.5339500596641895e-15,3.874724070596043e-15,0.885541974803459,0.832464609451438,0.942755755637351,0.802282798029601,506,506,52,52
B460101001,GR5J_NSE,8.664029411629699e-16,8.664029411629699e-16,1.0426494268047772e-17,0.0,0.0,2.384333366501352e-16,1.2542139945419828e-15,2.782571820293404e-15,0.910030266589069,0.885194256687106,0.931264931509339,0.837882542585007,532,532,31,31
B460101001,GR6J_NSE,5.850874762681397e-16,5.850874762681397e-16,6.516558917529857e-19,2.414928219616274e-16,2.414928219616274e-16,1.6675276661185899e-15,6.302158106035073e-16,7.927683165040901e-16,0.919466686924192,0.880827651373888,0.932105815127556,0.84026291276697,1168,1168,39,39
B460101001,CemaNeigeGR4J_NSE,2.1524165380593248e-16,2.1524165380593248e-16,6.516558917529857e-19,7.474212522149704e-16,7.474212522149704e-16,1.46404653996042e-15,2.889178167998532e-15,4.238957841667845e-15,0.891242806919147,0.845392880656914,0.909989944435923,0.811919227529715,1053,1054,31,31
B463101001,GR4J_NSE,0.0,0.0,0.0,1.7700247114436832e-15,1.7700247114436832e-15,5.120936446906328e-15,9.75312462380264e-15,1.68159611007399e-14,0.87813024554187,0.774061324821623,0.9322433612259,0.693230775733135,258,258,24,24
B463101001,GR4J_KGE,1.1709900718382366e-16,1.1709900718382366e-16,3.2582794587649287e-19,3.903021181289563e-15,3.7969063860476834e-16,3.903021181289563e-15,6.503320097254635e-15,1.07091844382052e-14,0.877206002790726,0.78529517798634,0.938692313233236,0.715324207377032,455,455,46,46
B463101001,GR5J_NSE,7.329471410091731e-16,7.329471410091731e-16,1.0426494268047772e-17,1.3563849127484717e-15,1.3563849127484717e-15,2.9958514458401255e-15,2.575023458830544e-16,1.601139459338692e-15,0.900367820085109,0.86230128958077,0.926467020057646,0.762735138382059,492,493,27,27
B463101001,GR6J_NSE,8.203020453093606e-16,8.203020453093606e-16,6.5165589175298575e-18,2.419888248218825e-16,2.419888248218825e-16,3.5756265155742605e-16,0.0,2.298607062348403e-15,0.917582062264523,0.860403060777118,0.931492441777172,0.772797085894886,1148,1147,37,37
B463101001,CemaNeigeGR4J_NSE,1.8868992950730558e-16,1.8868992950730558e-16,5.213247134023886e-18,1.3900565995664184e-15,1.3900565995664184e-15,1.9043695722140485e-15,7.291330728808373e-15,1.0425969199432832e-14,0.878557986393215,0.776557481231367,0.932779469551717,0.702809669044931,1077,1078,33,33
B532201001,GR4J_NSE,3.6204241306849406e-16,3.6204241306849406e-16,6.516558917529857e-19,1.2784319948537137e-16,1.2784319948537137e-16,6.120738045525823e-16,1.7423208105628607e-15,1.8214145990888934e-15,0.868425562794363,0.828372090411091,0.906935582251159,0.914308328137244,217,217,19,19
B532201001,GR4J_KGE,3.7306824602990163e-16,3.7306824602990163e-16,6.516558917529857e-19,5.959676266335099e-16,2.5728099284255795e-16,5.959676266335099e-16,2.469622053559306e-15,2.1464514625080875e-15,0.863043174980713,0.809193229160355,0.931445748904653,0.879302036328089,233,233,21,21
B532201001,GR5J_NSE,1.1835511900865547e-15,1.1835511900865547e-15,1.5639741402071657e-17,0.0,0.0,2.489121501799254e-16,2.2734735435855262e-15,4.889350269020067e-15,0.867174503180136,0.830174227093118,0.892060129505639,0.90827857571159,1511,1512,122,122
B532201001,GR6J_NSE,1.1962763368074212e-16,1.1962763368074212e-16,6.516558917529857e-19,6.330817253246123e-16,6.330817253246123e-16,4.384221222835745e-15,2.287708364182255e-15,2.311475485982228e-15,0.876840208944501,0.825008629339611,0.88631033624592,0.912587548334491,1234,1234,44,44
B532201001,CemaNeigeGR4J_NSE,1.8684074260654564e-15,1.8684074260654564e-15,4.5615912422709e-16,1.275089884521961e-16,1.275089884521961e-16,3.6553636080420907e-16,1.315224410255278e-15,1.9278876778727666e-15,0.870701774127387,0.844132009692299,0.91117312284549,0.921400587694136,1049,1050,29,29
D020601001,GR4J_NSE,5.1657809434199e-16,5.1657809434199e-16,2.606623567011943e-18,8.605504246728449e-16,8.605504246728449e-16,2.131270759504023e-15,1.6884140393478136e-15,6.181147118182134e-15,0.903091899040153,0.789064529494676,0.937657233560666,0.862149115093061,194,194,16,16
D020601001,GR4J_KGE,0.0,0.0,0.0,1.6352622846292666e-15,2.46440248033042e-16,1.6352622846292666e-15,1.5559523367240862e-15,3.734722668242631e-15,0.901007877963425,0.784886077975172,0.950497207136163,0.862084566222411,620,620,64,64
D020601001,GR5J_NSE,9.751766096514724e-16,9.751766096514724e-16,1.82463649690836e-17,2.4566623505065256e-16,2.4566623505065256e-16,4.67529225150053e-15,1.1212856430200498e-15,6.422271895835736e-15,0.903846655521257,0.792107189839622,0.94986406402195,0.864353800829451,1443,1444,116,116
D020601001,GR6J_NSE,8.070614826220709e-16,8.070614826220709e-16,6.5165589175298575e-18,2.4270890973816277e-16,2.4270890973816277e-16,1.3413060964371772e-15,1.422598483502841e-15,3.2124221451275066e-15,0.914859718848293,0.780419097517574,0.910489656560561,0.82944741964933,1568,1569,72,72
D020601001,CemaNeigeGR4J_NSE,6.819174085623329e-16,6.819174085623329e-16,1.3033117835059715e-18,3.679911549502856e-16,3.679911549502856e-16,3.435882283458611e-15,2.8124255545729783e-16,7.821187610225307e-15,0.90509487227361,0.789512826620384,0.937065506264088,0.865899245449549,963,964,23,23
E403571001,GR4J_NSE,1.1687207997221275e-16,1.1687207997221275e-16,1.0426494268047772e-17,1.2832064435661677e-15,1.2832064435661677e-15,1.6414694213794118e-15,1.2618200828842163e-16,2.4679858648474257e-16,0.865194396577162,0.879858420138198,0.879267023323427,0.89969966233481,447,448,46,46
E403571001,GR4J_KGE,1.6785340771274034e-16,1.6785340771274034e-16,1.0426494268047772e-17,4.801985172833684e-16,2.609793594551302e-16,4.801985172833684e-16,1.2868368047350728e-16,2.165127225835839e-15,0.850812897190849,0.862753552385163,0.924803375825508,0.92299492633917,1134,1134,122,122
E403571001,GR5J_NSE,9.907046394053392e-16,9.907046394053392e-16,2.0852988536095543e-17,2.564711869478072e-16,2.564711869478072e-16,3.495160886499381e-15,5.040923805972764e-16,7.399613391446632e-16,0.865768227485991,0.880967907755085,0.889408118795904,0.900227862640894,1405,1405,111,111
E403571001,GR6J_NSE,1.5169904967558852e-16,1.5169904967558852e-16,6.516558917529857e-19,1.1544109688560606e-15,1.1544109688560606e-15,2.62565108870678e-15,1.259297159032266e-16,1.1300045500440632e-15,0.865550266862743,0.881621161980808,0.887958176065638,0.88424486620313,1920,1920,97,97
E403571001,CemaNeigeGR4J_NSE,7.859866196522688e-16,7.859866196522688e-16,2.0364246617280805e-17,2.559456442277359e-16,2.559456442277359e-16,1.6347269967265976e-15,2.5261944777015094e-16,1.3496613351479979e-15,0.867545941619776,0.878968768576604,0.88289355647932,0.904853162259224,1350,1349,53,53
E540651001,GR4J_NSE,1.3123051805835061e-15,1.3123051805835061e-15,2.0852988536095543e-17,1.2530715458602735e-15,1.2530715458602735e-15,3.5478030310328257e-16,2.0046773663090982e-14,8.239246330900514e-15,0.88600130478819,0.808571814694096,0.938797629051536,0.902812461995605,331,331,33,33
E540651001,GR4J_KGE,9.202539682362103e-15,9.202539682362103e-15,1.0182123308640402e-20,4.005200575847664e-15,3.763207745650443e-16,4.005200575847664e-15,2.1014613625982733e-14,1.3273042268287887e-14,0.885061176259826,0.808314279724024,0.94246423175115,0.895001019613382,939,939,101,101
E540651001,GR5J_NSE,2.5909018360359976e-15,2.5909018360359976e-15,1.0947818981450161e-16,8.638432240105085e-16,8.638432240105085e-16,2.400655048851586e-15,3.845246671135069e-15,9.433675589449612e-15,0.899649491524119,0.866178260780419,0.924933405285578,0.906191569611995,786,787,54,54
E540651001,GR6J_NSE,1.706410575000826e-16,1.706410575000826e-16,2.0852988536095543e-17,1.8487910969642246e-15,1.8487910969642246e-15,2.7581129278870673e-15,7.759882677699294e-15,1.0932801277852046e-14,0.900769448572242,0.872740056969698,0.925818856370777,0.913947575528376,1751,1751,85,85
E540651001,CemaNeigeGR4J_NSE,2.256036195220875e-15,2.256036195220875e-15,1.0818506015430428e-20,1.507251063234152e-15,1.507251063234152e-15,1.7772068714867848e-15,1.627056834523337e-14,1.3053374323294009e-14,0.883905582850612,0.805173575538608,0.93705159689403,0.901557234900234,1352,1352,54,54
F453000101,GR4J_NSE,3.361807129329493e-16,3.361807129329493e-16,1.3033117835059715e-18,2.791663019736235e-14,2.791663019736235e-14,5.81793563064244e-14,5.164604649631149e-14,5.053008376937568e-14,0.763569310554432,0.642753331344791,0.847274796815064,0.804157833712271,297,297,29,29
F453000101,GR4J_KGE,6.105910268433585e-16,6.105910268433585e-16,1.5273184962960602e-20,1.960303451057902e-14,3.32430669210503e-14,1.960303451057902e-14,6.352562566393904e-14,5.642268986802897e-15,0.754775136004082,0.606444069646714,0.877846584027752,0.806752462814151,341,342,34,34
F453000101,GR5J_NSE,1.814421439117013e-15,1.814421439117013e-15,2.919418395053376e-16,8.047512433866494e-15,8.047512433866494e-15,5.412556486641303e-14,9.372753994125481e-14,5.979430032638061e-14,0.772567795202989,0.642010747026952,0.840991574350807,0.776116154483325,917,918,66,66
F453000101,GR6J_NSE,2.217967380599764e-16,2.217967380599764e-16,1.0426494268047772e-17,2.3308140850887395e-15,2.3308140850887395e-15,1.451944150063996e-16,1.585462393534116e-14,4.501743766454807e-15,0.66685380203374,0.353627200318479,0.76464581959039,0.54256545483015,1085,1085,32,32
F453000101,CemaNeigeGR4J_NSE,1.8000802936362762e-15,1.8000802936362762e-15,2.1178816481972038e-16,2.489527292404733e-14,2.489527292404733e-14,6.132546159141048e-14,6.223701906645418e-14,5.340156295537848e-14,0.762587089485249,0.64575832991804,0.845446799820856,0.804576283448763,1253,1254,46,46
H232201001,GR4J_NSE,4.768616830723488e-16,4.768616830723488e-16,9.774838376294785e-19,0.0,0.0,2.689005503951491e-15,2.0614084395303532e-15,7.612346687413636e-15,0.838007028029466,0.861719980056429,0.825749908651124,0.831316741107791,200,200,17,17
H232201001,GR4J_KGE,5.086506159224105e-16,5.086506159224105e-16,6.516558917529857e-19,2.48381328706e-16,9.731687501432002e-16,2.48381328706e-16,1.3477927936809311e-15,5.9715248570024725e-15,0.798583099923063,0.823734204419544,0.893966571810466,0.89241368759466,193,193,16,16
H232201001,GR5J_NSE,9.427738967813144e-16,9.427738967813144e-16,1.3033117835059715e-17,1.3155880605912088e-16,1.3155880605912088e-16,2.393600646003459e-15,8.880324448303083e-16,6.982400354695293e-15,0.843898677619677,0.875143832595119,0.881276394334976,0.890417137671017,1032,1032,76,76
H232201001,GR6J_NSE,4.773286304968306e-16,4.773286304968306e-16,2.606623567011943e-18,0.0,0.0,1.2573901636213909e-15,1.9004820976859902e-15,6.766809880684032e-15,0.851616600096035,0.876269520752356,0.88295825492035,0.885972036851405,1100,1100,33,33
H232201001,CemaNeigeGR4J_NSE,7.592997767752535e-16,7.592997767752535e-16,9.774838376294786e-17,3.726853512921587e-16,3.726853512921587e-16,8.99922862537974e-16,1.5570336431435765e-15,7.502270300552846e-15,0.893694657524777,0.855644728947798,0.863580812966418,0.85831265535066,979,979,25,25
H248201001,GR4J_NSE,2.7432869077834613e-16,2.7432869077834613e-16,1.3033117835059715e-18,6.0198994915445545e-16,6.0198994915445545e-16,8.380521173972404e-16,2.4398076849361935e-16,2.5191748766394326e-16,0.922127542315745,0.910090603845435,0.927336261199653,0.881417987230953,224,224,20,20
H248201001,GR4J_KGE,1.6047761657379719e-16,1.6047761657379719e-16,1.3033117835059715e-18,2.32992128883996e-16,1.4644559894196968e-15,2.32992128883996e-16,0.0,1.6865435601948176e-15,0.909735518974599,0.901589686530113,0.953013331345561,0.921596258264255,474,474,48,48
H248201001,GR5J_NSE,7.8964394442074055e-16,7.8964394442074055e-16,7.819870701035828e-18,0.0,0.0,4.312289718696532e-15,2.423693041366295e-16,1.2587467897249175e-15,0.927003224233754,0.916141611727611,0.926840066269636,0.882006638418344,1580,1581,129,129
H248201001,GR6J_NSE,4.4112304727224496e-16,4.4112304727224496e-16,1.3033117835059715e-18,0.0,0.0,1.4223263311813303e-15,0.0,6.234305048436106e-16,0.923223643829405,0.907336513704246,0.936682110387183,0.89041442149487,1230,1230,44,44
H248201001,CemaNeigeGR4J_NSE,9.653089518753406e-16,9.653089518753406e-16,8.145698646912322e-17,7.179537910963835e-16,7.179537910963835e-16,3.4541152777385585e-15,0.0,2.3593899888981245e-15,0.927822685855373,0.906089999718634,0.932119084780774,0.894054716139969,1110,1110,34,34
H413041010,GR4J_NSE,5.015524071716284e-16,5.015524071716284e-16,5.213247134023886e-18,1.614311134497483e-14,1.614311134497483e-14,2.191432168948034e-14,3.8140260140427205e-15,3.845538674913537e-14,0.687737946483753,0.669505909827614,0.800459354281453,0.75640490719634,240,240,22,22
H413041010,GR4J_KGE,3.9760938434377124e-16,3.9760938434377124e-16,1.6291397293824643e-19,3.4510352349193337e-15,5.130741579380959e-15,3.4510352349193337e-15,8.203917353631145e-16,2.2872646441108057e-14,0.670798036324651,0.676642009401618,0.83643882705616,0.72809000970902,291,291,28,28
H413041010,GR5J_NSE,7.864220768041301e-16,7.864220768041301e-16,1.3033117835059715e-17,2.510126339627512e-15,2.510126339627512e-15,1.4921163157736613e-15,1.9759238176572185e-15,5.580050703555346e-15,0.840365567854574,0.730438045796705,0.892871162567114,0.795851567382909,451,451,23,23
H413041010,GR6J_NSE,1.9946541013326827e-16,1.9946541013326827e-16,2.606623567011943e-18,1.4473688663512606e-15,1.4473688663512606e-15,1.6551188899948548e-15,9.64767514674902e-16,6.76478302841418e-15,0.84376923912034,0.690460452536652,0.872015865891779,0.722119436474497,1207,1207,42,42
H413041010,CemaNeigeGR4J_NSE,8.801348245366997e-16,8.801348245366997e-16,8.145698646912322e-17,1.3198154697676162e-14,1.3198154697676162e-14,1.6416557693005592e-14,2.603433200353272e-15,2.3927970523435522e-14,0.689780428435895,0.682313200568852,0.798013318965064,0.76557599769581,989,989,24,24
H438021010,GR4J_NSE,3.4237597410419193e-16,3.4237597410419193e-16,2.0852988536095543e-17,2.1980211618538097e-14,2.1980211618538097e-14,3.768796331379957e-14,8.973448441032721e-14,6.288896806679084e-14,0.808161845858696,0.608717742911234,0.895532073930002,0.803243385497999,298,298,29,29
H438021010,GR4J_KGE,5.603614742511751e-16,5.603614742511751e-16,1.5273184962960602e-20,4.669053043482682e-15,7.019965541196898e-15,4.669053043482682e-15,9.289703833784522e-14,7.531126096244669e-14,0.80657624205701,0.596360550562632,0.903576689809616,0.788685929014834,388,389,40,40
H438021010,GR5J_NSE,2.66153348908352e-15,2.66153348908352e-15,2.710888509692421e-16,8.178315879116834e-15,8.178315879116834e-15,3.592860583892671e-14,5.134022207129352e-14,2.1158844758224537e-14,0.841662617881091,0.687669253437463,0.889943329628503,0.808051421265878,748,749,51,51
H438021010,GR6J_NSE,1.3290191274504741e-16,1.3290191274504741e-16,3.2582794587649287e-19,2.1975658112255576e-15,2.1975658112255576e-15,2.7347162126675606e-15,2.382531241281671e-15,1.0974030614802106e-15,0.808329302506575,0.652378532354138,0.893142272993962,0.809345673322729,3021,3021,182,182
H438021010,CemaNeigeGR4J_NSE,1.8666131380232037e-15,1.8666131380232037e-15,8.471526592788815e-16,2.629119042364732e-14,2.629119042364732e-14,3.958353939797742e-14,7.921747082630921e-14,6.557789242247858e-14,0.80655380865781,0.615253053053261,0.894718234503106,0.805860237649889,1170,1171,39,39
H514262001,GR4J_NSE,4.2176489217981485e-16,4.2176489217981485e-16,1.3033117835059715e-18,8.67178111481026e-16,8.67178111481026e-16,6.021539777673851e-16,7.830232278155939e-16,1.3978066746178824e-15,0.896189729593531,0.850720375988606,0.921876351910475,0.71483470518968,200,200,17,17
H514262001,GR4J_KGE,1.869402259160008e-16,1.869402259160008e-16,1.3033117835059715e-18,2.943297975487372e-15,3.752836672924439e-16,2.943297975487372e-15,8.931737005777765e-16,1.314288844832118e-15,0.88750706842779,0.870106359753856,0.943009367273898,0.760259608145936,200,200,17,17
H514262001,GR5J_NSE,1.10488180197198e-15,1.10488180197198e-15,1.3033117835059715e-17,2.479994429414035e-16,2.479994429414035e-16,6.022216951306057e-16,1.4320633774291986e-15,3.697303364860825e-15,0.895343160014659,0.852787206443348,0.921772690690244,0.720669903482663,482,482,26,26
H514262001,GR6J_NSE,5.748328458603714e-16,5.748328458603714e-16,4.887419188147393e-19,1.2454486842954287e-16,1.2454486842954287e-16,1.569251228311054e-15,1.3041625504763563e-16,1.835189807442058e-15,0.89142414185714,0.851291906993985,0.919731592987874,0.725956314789663,1001,1001,25,25
H514262001,CemaNeigeGR4J_NSE,1.8036317560207392e-15,1.8036317560207392e-15,8.471526592788815e-16,3.715149847202206e-16,3.715149847202206e-16,8.432852814662835e-16,1.171505842036818e-15,1.2223450190414667e-15,0.896510022707084,0.852919965320359,0.921581503102141,0.726618430855646,1245,1246,45,45
H602021010,GR4J_NSE,4.75363272374891e-16,4.75363272374891e-16,4.887419188147393e-19,8.165042513961014e-16,8.165042513961014e-16,6.04470218583226e-15,1.4142827540887802e-16,1.0530148950666334e-14,0.815836309040772,0.785007822103064,0.844876348953255,0.811832513449181,166,166,12,12
H602021010,GR4J_KGE,5.059802245577546e-16,5.059802245577546e-16,4.887419188147393e-19,1.9672865953857146e-15,1.3784078671242232e-16,1.9672865953857146e-15,1.431583319773184e-15,3.1596198267517338e-15,0.805438688435099,0.775521067681242,0.902947665869685,0.878446684649501,289,289,27,27
H602021010,GR5J_NSE,9.136920980685306e-16,9.136920980685306e-16,1.3033117835059715e-17,2.661383687177395e-16,2.661383687177395e-16,2.580636382212792e-16,9.639715989214103e-16,4.932138338674586e-15,0.834320154567893,0.806202296942328,0.860425771160511,0.8328690132031,523,522,30,30
H602021010,GR6J_NSE,0.0,0.0,0.0,1.0784641067239514e-15,1.0784641067239514e-15,9.359787424540955e-16,1.2459782065836938e-15,2.991442277966236e-15,0.823558627647,0.801940769816766,0.830313854350944,0.816492657125879,1144,1144,37,37
H602021010,CemaNeigeGR4J_NSE,1.704469079494378e-15,1.704469079494378e-15,2.932451512888436e-16,1.2092085479599582e-15,1.2092085479599582e-15,4.181311421263518e-15,1.351454807407787e-16,7.57185721769331e-15,0.826326214653693,0.821502146087049,0.849664930656357,0.821099600686197,979,980,23,23
H611061010,GR4J_NSE,2.4266265812876257e-16,2.4266265812876257e-16,3.2582794587649287e-19,4.373177298870789e-15,4.373177298870789e-15,8.853328775505102e-15,1.5746380900716233e-14,1.264618882619254e-14,0.761613089580313,0.592255037246503,0.865272155159123,0.790120040033813,224,224,20,20
H611061010,GR4J_KGE,2.9339961160854514e-16,2.9339961160854514e-16,1.0182123308640402e-20,6.317227055896268e-16,4.989627034495865e-15,6.317227055896268e-16,3.7979907708720624e-16,2.1174506543836145e-15,0.756521130262579,0.584637031316554,0.878726547899616,0.786480919161023,368,368,37,37
H611061010,GR5J_NSE,0.0,0.0,0.0,1.5687370072509723e-15,1.5687370072509723e-15,2.200742916537396e-15,8.297412418898724e-15,4.322654166736355e-15,0.778489524657649,0.669017621744606,0.857610004185464,0.821882468909798,1137,1137,87,87
H611061010,GR6J_NSE,2.2064832801653984e-16,2.2064832801653984e-16,2.606623567011943e-18,2.2386482648355072e-15,2.2386482648355072e-15,1.2298491428845772e-15,3.714343815799457e-15,3.92902691245693e-15,0.843088738641775,0.717363655934709,0.902731063438528,0.847708388892839,3010,3010,182,182
H611061010,CemaNeigeGR4J_NSE,3.6944834816749714e-16,3.6944834816749714e-16,1.5273184962960602e-20,1.1611688038350476e-15,1.1611688038350476e-15,1.2027641133645002e-14,1.1702227882684926e-14,1.4077140326190628e-14,0.764900345898629,0.607185864848391,0.86767607343085,0.796557559908083,1072,1072,31,31
H622101001,GR4J_NSE,1.5133275149547225e-16,1.5133275149547225e-16,5.091061654320201e-21,2.359011459603267e-16,2.359011459603267e-16,4.852402080042129e-15,2.4611541257030006e-16,3.880632423091821e-15,0.941261238986835,0.902197073340975,0.960954312216677,0.80106130393914,256,256,24,24
H622101001,GR4J_KGE,2.617288204625265e-16,2.617288204625265e-16,1.0182123308640402e-20,1.7176408846350285e-15,1.1819713641453048e-16,1.7176408846350285e-15,1.1016018469005729e-15,3.614342163710521e-15,0.939297734533501,0.907043434044665,0.969547564822662,0.829363140154543,240,241,22,22
H622101001,GR5J_NSE,9.880996495591432e-16,9.880996495591432e-16,1.3033117835059715e-17,0.0,0.0,2.553719691068857e-15,1.5957555332341727e-15,5.988537950584488e-15,0.944423309286358,0.904455539682534,0.95644430464216,0.797182725613725,2103,2104,177,177
H622101001,GR6J_NSE,5.541998795849634e-16,5.541998795849634e-16,1.3033117835059715e-18,0.0,0.0,4.682410627869873e-15,4.966152007669826e-16,2.494419000333765e-15,0.943704119755894,0.894232011352456,0.948420045023023,0.801149062790929,1946,1946,100,100
H622101001,CemaNeigeGR4J_NSE,4.249166979957367e-16,4.249166979957367e-16,1.5273184962960602e-20,2.35697694254031e-16,2.35697694254031e-16,1.0383125321894458e-15,1.2200298553878597e-15,4.361480163770817e-15,0.942073725531296,0.90999660354394,0.962331370551474,0.814566052211257,1075,1077,35,35
H642301001,GR4J_NSE,5.376600463029153e-16,5.376600463029153e-16,9.774838376294785e-19,1.77823108930733e-15,1.77823108930733e-15,1.6455747856864494e-14,3.811784529893857e-14,4.634553643858417e-14,0.874077752785588,0.690287855393256,0.924300467512316,0.692309289680696,224,224,20,20
H642301001,GR4J_KGE,0.0,0.0,0.0,4.9805179310490946e-15,1.781912029739241e-15,4.9805179310490946e-15,4.251260101816337e-14,4.2072988869117155e-14,0.872272148419511,0.642432731747232,0.936235300822109,0.635951369575891,476,475,48,48
H642301001,GR5J_NSE,8.596127569029184e-16,8.596127569029184e-16,5.551115123125783e-17,2.007412037239314e-15,2.007412037239314e-15,7.241670306533807e-15,1.957084412388807e-14,2.127720100587604e-14,0.884898967649501,0.680741015112388,0.919862112714623,0.66267327214917,524,524,30,30
H642301001,GR6J_NSE,2.031443170153481e-16,2.031443170153481e-16,2.606623567011943e-18,0.0,0.0,5.497724049894135e-15,1.1585938457543014e-14,1.5911267488316595e-14,0.90285802072036,0.622862764765098,0.908740337905721,0.621005518662756,1548,1548,69,69
H642301001,CemaNeigeGR4J_NSE,3.6204241306849406e-16,3.6204241306849406e-16,6.516558917529857e-19,1.9108330932810797e-15,1.9108330932810797e-15,1.4781305993516525e-14,2.8382107513715638e-14,3.3711541323277486e-14,0.871522762921276,0.696282678401448,0.92385227725339,0.685006914716712,1053,1054,30,30
I200101001,GR4J_NSE,3.241289853457379e-16,3.241289853457379e-16,2.606623567011943e-18,1.269004964461078e-16,1.269004964461078e-16,7.418926326281879e-16,6.917832272623504e-16,1.2846501232293517e-15,0.874876817441488,0.802435633644033,0.897884391189174,0.864222097947011,241,241,22,22
I200101001,GR4J_KGE,4.80283440284317e-16,4.80283440284317e-16,4.887419188147393e-19,1.0740829494309701e-15,3.8660432439998206e-16,1.0740829494309701e-15,7.116134453544725e-16,0.0,0.861518835580729,0.780074513679352,0.930282640360318,0.890577192483207,425,425,43,43
I200101001,GR5J_NSE,9.650705918089373e-16,9.650705918089373e-16,1.5639741402071657e-17,1.6472583575434909e-15,1.6472583575434909e-15,4.134459053624678e-15,4.20103220254388e-16,2.0713451876181987e-15,0.876177027970913,0.792821600333991,0.912999314968715,0.857586099129547,2617,2616,223,223
I200101001,GR6J_NSE,4.2542039882107686e-16,4.2542039882107686e-16,3.2582794587649287e-19,1.2541467558067415e-16,1.2541467558067415e-16,1.6321829575753022e-15,1.7850336351830677e-15,2.9801041156658267e-15,0.885241714723406,0.808550552530448,0.88426969863525,0.856853605622213,1688,1688,80,80
I200101001,CemaNeigeGR4J_NSE,9.090468765698472e-16,9.090468765698472e-16,9.774838376294786e-17,5.062934310375599e-16,5.062934310375599e-16,1.3552192247693543e-15,6.748141960963297e-16,8.982058553572053e-16,0.877138004615188,0.822613862488062,0.90114226891632,0.865231631036901,1060,1060,30,30
I202101001,GR4J_NSE,3.593997216774573e-16,3.593997216774573e-16,5.213247134023886e-18,6.224348387781269e-16,6.224348387781269e-16,9.046458945191495e-15,2.21379348068755e-15,1.1226909607260456e-14,0.89183875600905,0.802404043058505,0.932706934091169,0.810893569147366,301,301,29,29
I202101001,GR4J_KGE,3.219576227832431e-16,3.219576227832431e-16,3.2582794587649287e-19,1.5281532681414303e-15,1.623763184649582e-15,1.5281532681414303e-15,2.052645382797765e-15,1.4339406171227237e-14,0.888854942430644,0.811311369656982,0.944466737795261,0.851670782251893,348,348,34,34
I202101001,GR5J_NSE,1.0216000467928354e-15,1.0216000467928354e-15,2.606623567011943e-17,8.721746529868832e-16,8.721746529868832e-16,8.75782133797747e-15,3.172315303202864e-15,1.0397883578313077e-14,0.89105560976363,0.80493668269978,0.925416010100444,0.811481963959448,613,613,38,38
I202101001,GR6J_NSE,2.1248395635532413e-16,2.1248395635532413e-16,3.2582794587649287e-19,4.805152982705585e-16,4.805152982705585e-16,7.48562471683676e-15,1.1970116053207023e-15,4.768718636546801e-15,0.924193696742646,0.83474606070752,0.934378267642323,0.838129315917198,1184,1184,40,40
I202101001,CemaNeigeGR4J_NSE,1.6464999266177303e-15,1.6464999266177303e-15,2.28079562113545e-16,1.245118251631008e-15,1.245118251631008e-15,1.0214840728618983e-14,2.4605712499217563e-15,1.2263396758392063e-14,0.891660710274587,0.812169712374242,0.934710414527158,0.814783001682523,1134,1133,36,36
I346301001,GR4J_NSE,0.0,0.0,0.0,1.0531678779695634e-15,1.0531678779695634e-15,6.356845414586427e-16,8.53853769157162e-16,3.5590146697841e-15,0.843339830504965,0.910174722311924,0.873249978737596,0.873450872608799,242,242,22,22
I346301001,GR4J_KGE,3.6371984998713037e-16,3.6371984998713037e-16,6.516558917529857e-19,3.65249113949299e-16,9.393126308343127e-16,3.65249113949299e-16,2.4536933331221588e-16,1.0809857528693764e-15,0.827366833710441,0.904940327822037,0.911889706688736,0.924342175195515,332,332,32,32
I346301001,GR5J_NSE,8.778657184611729e-16,8.778657184611729e-16,1.3033117835059715e-17,2.623605789304231e-16,2.623605789304231e-16,6.462255037792189e-16,8.497635964965486e-16,4.3143592618380415e-15,0.846333720676522,0.914555672238386,0.859005887366263,0.874929057743183,541,542,32,32
I346301001,GR6J_NSE,5.503285596300467e-16,5.503285596300467e-16,2.4437095940736964e-19,1.310336291018706e-16,1.310336291018706e-16,1.2858814157912093e-16,3.6396660481879056e-16,3.644912183062685e-15,0.84728098598416,0.915102932460994,0.863394564219618,0.883326294217493,1184,1184,40,40
I346301001,CemaNeigeGR4J_NSE,0.0,0.0,0.0,9.196540378993178e-16,9.196540378993178e-16,1.1404947331571514e-15,8.458205836680655e-16,4.417039861922738e-15,0.845052688522737,0.918819111574846,0.876111649719437,0.879725043843405,1005,1006,27,27
I403201001,GR4J_NSE,3.0825638054958817e-16,3.0825638054958817e-16,2.0364246617280804e-20,0.0,0.0,4.694764567972705e-15,4.875567553919365e-16,4.0631018236348925e-15,0.924358995909774,0.910846183421392,0.94592434491732,0.901709122806428,266,267,25,25
I403201001,GR4J_KGE,1.2372439377840692e-16,1.2372439377840692e-16,5.091061654320201e-21,2.081253435348986e-15,2.412105211482492e-16,2.081253435348986e-15,8.592305191240197e-16,5.914213384306258e-15,0.920542785066003,0.9044791821756,0.960191301253126,0.919833706896491,369,369,36,36
I403201001,GR5J_NSE,1.0272567344073716e-15,1.0272567344073716e-15,1.3033117835059715e-17,8.362993599209522e-16,8.362993599209522e-16,5.4058837164290195e-15,6.048868220186268e-16,4.3978770753734634e-15,0.929279818307008,0.917711366995997,0.944716198344215,0.908802774645801,857,856,61,61
I403201001,GR6J_NSE,5.112721319001194e-16,5.112721319001194e-16,6.516558917529857e-19,0.0,0.0,3.6972579327997644e-15,3.6200519664842496e-16,3.712321147249568e-15,0.924651134779893,0.920061121970626,0.930876730510319,0.89719314190884,1816,1816,89,89
I403201001,CemaNeigeGR4J_NSE,8.133086488962849e-16,8.133086488962849e-16,6.516558917529858e-17,0.0,0.0,8.18786275139381e-15,4.807418448060131e-16,4.150025333976097e-15,0.92776857700689,0.923758176343604,0.949156258274255,0.909574756766358,1074,1075,31,31
I505301001,GR4J_NSE,5.472515390291312e-16,5.472515390291312e-16,1.3033117835059715e-18,1.1355939992077758e-15,1.1355939992077758e-15,3.7691407771140875e-15,0.0,1.187152921521747e-15,0.879892569756192,0.887127951444255,0.854212395292419,0.841678189935143,274,274,26,26
I505301001,GR4J_KGE,4.511326264103548e-16,4.511326264103548e-16,6.516558917529857e-19,3.5356389519765926e-15,3.9824620057664323e-16,3.5356389519765926e-15,2.6493572362063475e-16,8.940559530117847e-16,0.836334174451082,0.838107454481979,0.910626569947991,0.869247740725424,282,282,27,27
I505301001,GR5J_NSE,6.638472647229596e-16,6.638472647229596e-16,1.6291397293824644e-18,1.253720528089145e-16,1.253720528089145e-16,2.1066455936082064e-15,8.750488236244105e-16,7.37886699718962e-16,0.885542670596054,0.888128863505771,0.895916782390584,0.902758939860013,580,581,36,36
I505301001,GR6J_NSE,6.084605721179586e-16,6.084605721179586e-16,6.516558917529857e-19,1.2467009068809065e-16,1.2467009068809065e-16,1.4698888534571373e-15,3.7487270418846484e-16,1.7440948974463155e-15,0.890528769568957,0.888480019126972,0.906373040666804,0.891185586719522,1000,1000,25,25
I505301001,CemaNeigeGR4J_NSE,5.609434368921749e-16,5.609434368921749e-16,1.3033117835059715e-18,1.6246222108950151e-15,1.6246222108950151e-15,2.457186985864311e-15,2.4507576009151255e-16,1.1868364542000333e-15,0.888384956412473,0.906024344643953,0.858470990983949,0.841902621567295,1015,1015,28,28
I532151001,GR4J_NSE,4.102535521186406e-16,4.102535521186406e-16,2.606623567011943e-18,8.558146568084892e-16,8.558146568084892e-16,3.764469801299446e-15,4.957185901517615e-16,2.8884792331386623e-15,0.908089282013218,0.895849416730785,0.94374875250006,0.922469937997461,225,225,20,20
I532151001,GR4J_KGE,4.08028347141726e-16,4.08028347141726e-16,4.072849323456161e-20,2.678513703937653e-15,3.673835096465857e-16,2.678513703937653e-15,1.2361584394990921e-15,2.3785032852399505e-16,0.906591881894616,0.898123565030251,0.953332048622327,0.933547606610225,208,208,18,18
I532151001,GR5J_NSE,8.552397396309961e-16,8.552397396309961e-16,1.0426494268047772e-17,2.434813491339608e-16,2.434813491339608e-16,7.071269856547203e-16,7.420019388728005e-16,3.4601975234421955e-15,0.911957345869908,0.897752121493159,0.942028558220457,0.898395090999888,574,574,35,35
I532151001,GR6J_NSE,0.0,0.0,0.0,2.468878748419518e-16,2.468878748419518e-16,1.5965325959238173e-15,1.2594845624729442e-16,1.9485640170191233e-15,0.899374281005804,0.881489982255345,0.904015324020089,0.854647074662362,1110,1110,34,34
I532151001,CemaNeigeGR4J_NSE,7.575390638082065e-16,7.575390638082065e-16,8.145698646912322e-17,3.6615788841018584e-16,3.6615788841018584e-16,2.34910840825159e-16,4.891263224326854e-16,3.4621585708209645e-15,0.9096264697005,0.907923351254888,0.945229279947519,0.929953584029369,978,978,23,23
I722202001,GR4J_NSE,0.0,0.0,0.0,7.075810350944202e-16,7.075810350944202e-16,5.994624607264211e-16,3.6004084885796875e-16,2.8919016893834e-15,0.941424065564737,0.925080885805092,0.926015469992735,0.921378229724157,241,241,22,22
I722202001,GR4J_KGE,1.2051904009574854e-16,1.2051904009574854e-16,3.2582794587649287e-19,4.62539365472247e-16,4.805379941535828e-16,4.62539365472247e-16,1.24106668037131e-16,1.19793599918275e-16,0.924150046932874,0.89457161503441,0.960111166747187,0.926779915940891,302,303,29,29
I722202001,GR5J_NSE,2.1373084261446196e-16,2.1373084261446196e-16,1.3033117835059715e-18,7.05582884064074e-16,7.05582884064074e-16,4.631405028303021e-16,0.0,2.3212095710807933e-15,0.944090098867254,0.924485534858004,0.958864981870912,0.956590079979912,643,644,42,42
I722202001,GR6J_NSE,5.184958973611457e-16,5.184958973611457e-16,2.4437095940736964e-19,3.517570179083064e-16,3.517570179083064e-16,2.074092307891156e-15,2.382216905036551e-16,0.0,0.94686641752907,0.932092306353709,0.963506511606114,0.95963190753595,1084,1084,32,32
I722202001,CemaNeigeGR4J_NSE,8.882466662001645e-16,8.882466662001645e-16,4.887419188147393e-17,0.0,0.0,1.5581199944747612e-15,2.3631545006117537e-16,1.5613190097329638e-15,0.94237992735866,0.939611036297247,0.926302170006639,0.924404252440091,979,979,23,23
I903101001,GR4J_NSE,2.7462512536074015e-16,2.7462512536074015e-16,4.072849323456161e-20,4.853867606847959e-16,4.853867606847959e-16,2.9638826505558072e-15,2.6583236301975e-16,3.0686205863900672e-15,0.914918258634682,0.83528055953268,0.936460004933866,0.651237710256062,240,240,22,22
I903101001,GR4J_KGE,3.082976652091269e-16,3.082976652091269e-16,6.516558917529857e-19,1.863054233919507e-15,2.4450124491504624e-16,1.863054233919507e-15,2.6266439602090632e-15,7.164430157993449e-15,0.908153269330724,0.845354788424991,0.953464911036507,0.66634176069981,288,288,27,27
I903101001,GR5J_NSE,8.086035267700914e-16,8.086035267700914e-16,1.3033117835059715e-17,0.0,0.0,2.38257176299334e-15,7.98122174472857e-16,4.260194304989618e-15,0.912253854215338,0.834626371852231,0.931953481418188,0.651509617369355,578,578,35,35
I903101001,GR6J_NSE,2.1851624068804306e-16,2.1851624068804306e-16,6.516558917529857e-19,2.4046939261855677e-16,2.4046939261855677e-16,1.4225212803443e-15,1.3298350309909327e-16,2.574116092583579e-15,0.923379905056143,0.834857706972773,0.936553742962448,0.646953935658076,2185,2185,117,117
I903101001,CemaNeigeGR4J_NSE,1.6102683666688198e-15,1.6102683666688198e-15,5.864903025776872e-16,2.430597729900547e-16,2.430597729900547e-16,2.6070526597708962e-15,1.4538241014832077e-15,4.0983215182285486e-15,0.913539094493093,0.84002275505114,0.936878142841191,0.650152811888729,989,990,24,24
J032301001,GR4J_NSE,3.6458096505081174e-16,3.6458096505081174e-16,5.091061654320201e-21,1.4312823651933557e-15,1.4312823651933557e-15,7.731827308944368e-15,1.3636271027606787e-15,6.23148931379275e-15,0.853252549452526,0.895585988731998,0.818470328875904,0.801735084381044,272,272,26,26
J032301001,GR4J_KGE,5.677955280795845e-16,5.677955280795845e-16,1.3033117835059715e-18,5.369258705322263e-15,5.566105587958734e-16,5.369258705322263e-15,2.343573099432489e-15,4.1268516700212946e-15,0.797845464539461,0.757969461174651,0.889128140008601,0.780170219056199,224,224,20,20
J032301001,GR5J_NSE,1.3133753485198048e-15,1.3133753485198048e-15,1.3033117835059715e-17,1.6833631888021199e-15,1.6833631888021199e-15,6.046412794781808e-15,2.6937141558618213e-15,6.811224223797243e-15,0.857384753102358,0.9067371342502,0.844637322427473,0.863894923610797,786,788,55,55
J032301001,GR6J_NSE,4.794298998195749e-16,4.794298998195749e-16,3.2582794587649287e-19,1.288868289719159e-15,1.288868289719159e-15,5.1871238559351195e-15,2.92531723768283e-15,1.1476226749436182e-14,0.861393699791521,0.910853436604017,0.856137663537636,0.880344188440271,1914,1914,97,97
J032301001,CemaNeigeGR4J_NSE,1.0454377129136683e-15,1.0454377129136683e-15,1.1102230246251565e-16,1.429039061261128e-15,1.429039061261128e-15,8.52900365930715e-15,1.8507976340035295e-15,6.905239563017266e-15,0.854591984357602,0.899792881912966,0.820072934018025,0.803898991840365,1230,1230,44,44
J110301001,GR4J_NSE,3.5131345971657884e-16,3.5131345971657884e-16,4.072849323456161e-20,8.52969625317684e-16,8.52969625317684e-16,1.1158239061158222e-15,0.0,1.9623130904176494e-15,0.911118161972253,0.921520560724063,0.895482447262538,0.848658934738744,268,268,25,25
J110301001,GR4J_KGE,2.1524165380593267e-16,2.1524165380593267e-16,6.516558917529857e-19,1.1799735919026302e-15,2.503701381109429e-16,1.1799735919026302e-15,7.245741704630301e-16,3.4290864823211125e-15,0.88686536901074,0.919345240183499,0.940888026854054,0.906545951808787,208,208,18,18
J110301001,GR5J_NSE,8.536234821405269e-16,8.536234821405269e-16,1.3033117835059715e-17,9.727264401190866e-16,9.727264401190866e-16,1.573549660838859e-15,6.021863150745718e-16,3.86587961271821e-15,0.913081399937468,0.921826847300301,0.917219181530811,0.861555301131993,955,956,69,69
J110301001,GR6J_NSE,4.592031860532015e-16,4.592031860532015e-16,1.3033117835059715e-18,0.0,0.0,4.791659600912003e-16,4.767132799109682e-16,2.8009443617615723e-15,0.920595070423046,0.931564587277706,0.926796239377143,0.872023981454316,1547,1547,68,68
J110301001,CemaNeigeGR4J_NSE,1.0025008238129727e-15,1.0025008238129727e-15,2.8509945264193126e-17,6.090040848178704e-16,6.090040848178704e-16,8.675259463491271e-16,0.0,9.146085477234878e-16,0.91150704264749,0.92301273826874,0.895830401970307,0.849714469837391,1061,1061,30,30
J132401001,GR4J_NSE,2.4014870149576005e-16,2.4014870149576005e-16,2.0364246617280804e-20,0.0,0.0,5.82954160036779e-15,4.90846305478032e-16,3.399588385543873e-15,0.922776588193,0.904741881305528,0.933193927344141,0.816439299935675,243,243,22,22
J132401001,GR4J_KGE,2.229493300561081e-16,2.229493300561081e-16,2.0364246617280804e-20,4.644787697227744e-16,4.859160110496958e-16,4.644787697227744e-16,6.126842767421236e-16,5.770439992326426e-15,0.913921747280405,0.906031921145942,0.956102278076388,0.846552657136505,165,165,12,12
J132401001,GR5J_NSE,9.491242247814046e-16,9.491242247814046e-16,1.3033117835059715e-17,4.818322103251279e-16,4.818322103251279e-16,3.648708097539222e-15,1.1031496848502372e-15,3.241173685519634e-15,0.921667751415794,0.905770754309096,0.943263008257401,0.822089624818483,502,502,28,28
J132401001,GR6J_NSE,5.135369370308697e-16,5.135369370308697e-16,1.3033117835059715e-18,8.3667817472849385e-16,8.3667817472849385e-16,2.108542611914193e-15,8.532750752615665e-16,9.38758779070536e-16,0.928859077135364,0.910792005730833,0.947764315045584,0.827854966115013,1258,1258,46,46
J132401001,CemaNeigeGR4J_NSE,1.6257260158555392e-15,1.6257260158555392e-15,1.0426494268047773e-15,3.610446022211019e-16,3.610446022211019e-16,4.648575281983934e-15,7.358825486245626e-16,3.1281198464438668e-15,0.922509034447712,0.905217573130609,0.931440179708178,0.816309183147431,1171,1172,39,39
J151301001,GR4J_NSE,3.4298019283485944e-16,3.4298019283485944e-16,4.072849323456161e-20,2.463798681041572e-16,2.463798681041572e-16,5.320450039604372e-15,1.850764794324077e-15,5.844046642254176e-15,0.901228686554706,0.899808847696358,0.939018987796887,0.892882712127965,193,193,16,16
J151301001,GR4J_KGE,1.7867439637184612e-16,1.7867439637184612e-16,2.0364246617280804e-20,3.5088516175532753e-16,1.2353046596691756e-16,3.5088516175532753e-16,8.614016095769081e-16,5.472720356486847e-15,0.898744302415635,0.902199518316808,0.949219128336338,0.912892178912707,636,636,67,67
J151301001,GR5J_NSE,1.0210615909304541e-15,1.0210615909304541e-15,3.1279482804143314e-17,6.179582646784885e-16,6.179582646784885e-16,5.375964515987001e-15,1.112989890685233e-15,2.8672158442280476e-15,0.898299357807589,0.89776262167796,0.929322281788901,0.890589720260615,602,602,38,38
J151301001,GR6J_NSE,0.0,0.0,0.0,6.109452698600591e-16,6.109452698600591e-16,2.3871829999208462e-15,2.460901918469906e-16,1.1146667909916851e-15,0.908610868596675,0.90228953563127,0.930153259856466,0.896412031144915,2122,2122,112,112
J151301001,CemaNeigeGR4J_NSE,9.409856830689824e-16,9.409856830689824e-16,4.072849323456161e-17,1.3559981071402618e-15,1.3559981071402618e-15,4.9677623508636974e-15,6.143368764973079e-16,5.950297064683147e-15,0.90062465475208,0.903594645787165,0.938639245215697,0.895597389553949,1024,1024,27,27
J172172001,GR4J_NSE,2.3058716048915345e-16,2.3058716048915345e-16,2.0364246617280804e-20,5.978312789619672e-16,5.978312789619672e-16,5.314433469281044e-15,7.221587068623609e-16,3.997649206864414e-15,0.928542101839227,0.922420249794281,0.940082068896251,0.888700707580868,288,288,28,28
J172172001,GR4J_KGE,4.08028347141726e-16,4.08028347141726e-16,4.072849323456161e-20,3.1180939169986626e-15,1.5636596772211506e-15,3.1180939169986626e-15,4.780262460286926e-16,3.225686396885153e-15,0.923020496747501,0.929005914506642,0.961357241405121,0.929291257012003,280,280,27,27
J172172001,GR5J_NSE,1.0918266719938513e-15,1.0918266719938513e-15,2.606623567011943e-17,5.988208484044731e-16,5.988208484044731e-16,4.2514522766485265e-15,2.4081054156513303e-16,3.4870757728695042e-15,0.927007658119526,0.922071780919001,0.940102964486595,0.8914702952934,551,551,33,33
J172172001,GR6J_NSE,1.3561057663972203e-16,1.3561057663972203e-16,2.606623567011943e-18,7.145224379476579e-16,7.145224379476579e-16,2.927918035523338e-15,5.991295852825064e-16,5.533713192359365e-15,0.932278371395093,0.926529962713872,0.947962862309698,0.90283024022846,1458,1458,62,62
J172172001,CemaNeigeGR4J_NSE,8.683087394767551e-16,8.683087394767551e-16,1.140397810567725e-16,2.3923911022579727e-16,2.3923911022579727e-16,2.831147564937584e-15,1.079433071610391e-15,5.103245788512306e-15,0.928128367955651,0.925671770156113,0.94115025726648,0.891964563260848,1036,1036,28,28
J181301001,GR4J_NSE,2.1802620463033737e-16,2.1802620463033737e-16,2.0364246617280804e-20,0.0,0.0,3.8566165135440505e-15,1.978731120531905e-15,8.520524441846315e-15,0.892476232096698,0.897725224497781,0.921199623121388,0.82088903128865,232,232,21,21
J181301001,GR4J_KGE,3.9052094648764944e-16,3.9052094648764944e-16,2.606623567011943e-18,7.890520620026197e-15,0.0,7.890520620026197e-15,6.124306530417197e-16,2.421357319740643e-15,0.886029080205412,0.906407132881971,0.942712733822607,0.871174084712843,186,186,15,15
J181301001,GR5J_NSE,7.479368918307038e-16,7.479368918307038e-16,2.0852988536095543e-17,0.0,0.0,1.9135123956608834e-15,1.619934623405834e-15,4.614423448744793e-15,0.888603353038198,0.890955666456623,0.92832261940312,0.818034652791203,705,705,48,48
J181301001,GR6J_NSE,1.602989522651537e-16,1.602989522651537e-16,4.072849323456161e-20,8.686136782672086e-16,8.686136782672086e-16,3.555148266832829e-16,2.7434005276218864e-15,7.733642043487038e-15,0.894708587582863,0.890315004893804,0.936857994066914,0.818278271062831,1775,1775,86,86
J181301001,CemaNeigeGR4J_NSE,2.1802620463033737e-16,2.1802620463033737e-16,2.0364246617280804e-20,6.224044964658086e-16,6.224044964658086e-16,2.6508065393442416e-15,1.6048435761190053e-15,3.381126919894598e-15,0.89188223328183,0.899333712948531,0.921414149966436,0.820897182306725,993,994,26,26
J221311001,GR4J_NSE,2.345772990697633e-16,2.345772990697633e-16,6.516558917529857e-19,3.2238943379086e-15,3.2238943379086e-15,1.0280868156622271e-14,1.7364037759184415e-15,7.438862802681676e-15,0.826495840068043,0.767256814357886,0.874712754065539,0.641759249030266,267,267,25,25
J221311001,GR4J_KGE,2.2790540528837597e-16,2.2790540528837597e-16,2.0364246617280804e-20,9.66740717648002e-15,3.403949718205434e-15,9.66740717648002e-15,2.7956275934691615e-16,3.2061388151527664e-15,0.815393231785506,0.794256736640272,0.907250696533943,0.692560795794649,413,413,41,41
J221311001,GR5J_NSE,1.0216909702657318e-15,1.0216909702657318e-15,5.551115123125783e-17,4.045773695038031e-15,4.045773695038031e-15,1.0100008591316302e-14,7.241507469602014e-16,6.192816426613434e-15,0.823246509798705,0.766568997743624,0.868391528110143,0.645393406378789,603,603,38,38
J221311001,GR6J_NSE,2.1562273751909277e-16,2.1562273751909277e-16,1.6291397293824643e-19,2.7554800791936035e-15,2.7554800791936035e-15,9.934934912878168e-15,0.0,4.683074306807831e-15,0.846120561464969,0.787384965272051,0.893995207305106,0.663799945354572,1900,1900,96,96
J221311001,CemaNeigeGR4J_NSE,7.806914885543661e-16,7.806914885543661e-16,4.887419188147393e-17,3.4992261725534404e-15,3.4992261725534404e-15,1.1559173384705742e-14,2.019567905857348e-15,7.065685123661308e-15,0.824919488390493,0.76962613139536,0.874026990325841,0.644228312088216,1062,1062,30,30
J223301001,GR4J_NSE,1.165191607285712e-16,1.165191607285712e-16,2.606623567011943e-18,4.833521013586295e-16,4.833521013586295e-16,3.4457470067340332e-15,1.9748351701924928e-15,2.3527954920839685e-15,0.91876958557084,0.899496254782167,0.93438281020655,0.802185803319028,202,202,17,17
J223301001,GR4J_KGE,0.0,0.0,0.0,1.508038440950752e-15,7.284423884101446e-16,1.508038440950752e-15,8.505349723070631e-16,2.381301859279066e-15,0.914463278597719,0.913726234124842,0.957064417471197,0.839205427291059,173,173,13,13
J223301001,GR5J_NSE,8.421673928102877e-16,8.421673928102877e-16,1.82463649690836e-17,4.835358701356195e-16,4.835358701356195e-16,3.4684179524341795e-15,2.2163804484660606e-15,1.5215587668260306e-15,0.918420405347605,0.901650908222169,0.928275316172137,0.802627774696595,914,914,68,68
J223301001,GR6J_NSE,1.5551696429943372e-16,1.5551696429943372e-16,2.606623567011943e-18,0.0,0.0,2.3626135389694815e-15,8.544501642011873e-16,3.263081476825509e-15,0.924071591901262,0.909539432254848,0.939826176658084,0.816570250551197,1341,1341,53,53
J223301001,CemaNeigeGR4J_NSE,7.859773104320092e-16,7.859773104320092e-16,4.072849323456161e-17,8.455591983211839e-16,8.455591983211839e-16,1.6606641746660676e-15,2.2103663599919054e-15,3.863511899898822e-15,0.919103143553538,0.904104170465479,0.935958189612759,0.804611076526475,1038,1038,28,28
J251401001,GR4J_NSE,1.5311708800845447e-16,1.5311708800845447e-16,5.213247134023886e-18,0.0,0.0,2.201294547122537e-15,1.7924230139269625e-15,1.162843047468388e-14,0.826074326533025,0.805217251060979,0.857395092505857,0.677871660496203,248,249,23,23
J251401001,GR4J_KGE,1.2263025171586216e-16,1.2263025171586216e-16,6.516558917529857e-19,6.280158129347807e-15,2.7506949550661554e-16,6.280158129347807e-15,1.3131243043467886e-16,1.1086687347024836e-14,0.807230930918296,0.845482046863366,0.901591537819496,0.75105145694608,515,515,53,53
J251401001,GR5J_NSE,8.75506628483292e-16,8.75506628483292e-16,3.64927299381672e-17,5.379295600849974e-16,5.379295600849974e-16,4.0643183597931465e-15,3.496192113679342e-15,1.5440465163219748e-14,0.825552716939171,0.793880161991995,0.874122882190094,0.668702271587581,868,868,64,64
J251401001,GR6J_NSE,1.7083427212278092e-16,1.7083427212278092e-16,8.6822996795636e-19,1.062659493045501e-15,1.062659493045501e-15,2.586697725524674e-15,2.774620612810992e-16,8.543708141986392e-15,0.835807166371491,0.80027014828552,0.858409557228001,0.662725988703058,1376,1376,56,56
J251401001,CemaNeigeGR4J_NSE,1.8129787392423898e-15,1.8129787392423898e-15,7.168214809282844e-16,5.377474093597131e-16,5.377474093597131e-16,3.884645292805934e-15,2.758186592510534e-16,1.228978692619049e-14,0.82583235571294,0.805038373864778,0.857393358421582,0.6775278314178,1301,1301,49,49
J261401002,GR4J_NSE,2.8339799967323345e-16,2.8339799967323345e-16,1.3033117835059715e-18,2.4148120984279275e-16,2.4148120984279275e-16,1.059570308454077e-15,3.769031234692388e-16,5.269116159842399e-15,0.919510901364065,0.883693677892087,0.943024463964533,0.758533835164133,200,200,17,17
J261401002,GR4J_KGE,1.5565174635560131e-16,1.5565174635560131e-16,2.606623567011943e-18,4.637392429668452e-16,8.486441832489415e-16,4.637392429668452e-16,4.972556690209923e-16,5.25063543767743e-15,0.91576202674524,0.893080235212592,0.957626978059764,0.782348201445526,282,282,27,27
J261401002,GR5J_NSE,8.789028381600488e-16,8.789028381600488e-16,1.82463649690836e-17,1.2082455506604174e-16,1.2082455506604174e-16,1.896805033823169e-15,1.0027265447204451e-15,6.2540369661908004e-15,0.918872015724219,0.88576334632464,0.936499433376057,0.763340388247799,666,666,44,44
J261401002,GR6J_NSE,1.2409905921210304e-16,1.2409905921210304e-16,6.516558917529857e-19,7.225545057186356e-16,7.225545057186356e-16,2.3677895565136197e-16,7.503001521658428e-16,3.6275208602966236e-15,0.921914969048007,0.887823110327525,0.937771704897517,0.765138966378248,1579,1579,70,70
J261401002,CemaNeigeGR4J_NSE,1.431949418292989e-16,1.431949418292989e-16,2.606623567011943e-18,1.207473002101487e-16,1.207473002101487e-16,2.3560019503934575e-15,6.277509022222369e-16,6.146177188440558e-15,0.919459915619582,0.884286283536168,0.94246358704393,0.758672677415726,984,985,25,25
J320571001,GR4J_NSE,1.7115781951801321e-16,1.7115781951801321e-16,1.3033117835059715e-18,3.5636282454756246e-16,3.5636282454756246e-16,7.129500345039604e-16,0.0,2.7809646862676877e-15,0.934628654968172,0.891768047155924,0.934334501068593,0.798444532652573,502,503,52,52
J320571001,GR4J_KGE,2.0752264084332905e-16,2.0752264084332905e-16,1.0182123308640402e-20,1.0365405373789694e-15,4.784700130822391e-16,1.0365405373789694e-15,1.1256256804804255e-15,4.796310810984898e-15,0.928144288477558,0.887684724584619,0.96397650273211,0.810160295969252,224,224,20,20
J320571001,GR5J_NSE,9.42718959826171e-16,9.42718959826171e-16,1.3033117835059715e-17,2.382377599377717e-16,2.382377599377717e-16,1.320999940136487e-15,1.8779695366653442e-15,4.7799712939347396e-15,0.932029435564832,0.886773988834143,0.924485527956566,0.789703128241646,1058,1058,81,81
J320571001,GR6J_NSE,1.6197411157459587e-16,1.6197411157459587e-16,5.213247134023886e-18,4.733250900448411e-16,4.733250900448411e-16,2.409153641413459e-16,1.2462436726755288e-16,3.3980703100012227e-15,0.938232980229278,0.890855495572264,0.921670586334033,0.784131879572385,2012,2012,108,108
J320571001,CemaNeigeGR4J_NSE,2.516176145782225e-15,2.516176145782225e-15,1.3033117835059715e-15,4.750863097860496e-16,4.750863097860496e-16,2.378686605613149e-15,1.2460381064136605e-16,2.0877016534215044e-15,0.934754802869512,0.891002465262153,0.933475660059873,0.797687990622818,1448,1450,60,60
J421191001,GR4J_NSE,1.939978385350148e-16,1.939978385350148e-16,1.0182123308640402e-20,5.798193250102689e-16,5.798193250102689e-16,2.304772429281197e-16,3.483273066968089e-16,4.971255480350907e-16,0.957387048634067,0.956189483236395,0.963412274912893,0.893313996042536,282,283,27,27
J421191001,GR4J_KGE,0.0,0.0,0.0,1.930423523081861e-15,5.808637605047175e-16,1.930423523081861e-15,6.961084528670321e-16,1.217398876749872e-16,0.955665596748947,0.956939701035833,0.977702104898527,0.911963240502697,654,654,68,68
J421191001,GR5J_NSE,8.157901069412149e-16,8.157901069412149e-16,1.0426494268047772e-17,2.3178523846960263e-16,2.3178523846960263e-16,0.0,6.96697193279336e-16,0.0,0.957975608762295,0.956131044018735,0.953303583705522,0.901290047554658,606,607,38,38
J421191001,GR6J_NSE,1.2974979683849603e-16,1.2974979683849603e-16,1.6291397293824643e-19,1.154133788754745e-16,1.154133788754745e-16,5.7863328899307575e-16,3.463108774899626e-16,8.562563296635861e-16,0.961953488791827,0.961756990717684,0.959349423671373,0.907620872762419,1162,1162,38,38
J421191001,CemaNeigeGR4J_NSE,1.9488317792545693e-15,1.9488317792545693e-15,1.5639741402071658e-15,0.0,0.0,1.4977400751900164e-15,5.804924317008528e-16,1.3667105084742136e-15,0.957359828034936,0.95627691593858,0.963645131702572,0.89356547675269,1025,1027,27,27
J471201002,GR4J_NSE,0.0,0.0,0.0,4.733293970381576e-16,4.733293970381576e-16,8.08623841746949e-16,1.3333293772901198e-15,2.1892436908949577e-15,0.938224442912136,0.915936712929667,0.961084842067782,0.862114688151144,187,187,15,15
J471201002,GR4J_KGE,0.0,0.0,0.0,1.3758889995306052e-15,0.0,1.3758889995306052e-15,7.217766081415746e-16,3.0350874820931764e-15,0.936681467580325,0.922908566530371,0.968295865440236,0.877910529703333,201,201,17,17
J471201002,GR5J_NSE,9.418948844222928e-16,9.418948844222928e-16,1.82463649690836e-17,4.736438197996764e-16,4.736438197996764e-16,2.3279665396377342e-15,1.0877800470556888e-15,3.72561105735103e-15,0.937601613883374,0.918568716963685,0.953813558504087,0.864192939587788,612,612,38,38
J471201002,GR6J_NSE,3.234577931408016e-16,3.234577931408016e-16,3.2582794587649287e-19,4.689897367132661e-16,4.689897367132661e-16,0.0,1.307482924662385e-15,4.985220453823296e-16,0.94690603031591,0.934043041061526,0.967496258483479,0.8908115778701,2123,2123,115,115
J471201002,CemaNeigeGR4J_NSE,1.0678474385308967e-15,1.0678474385308967e-15,5.701989052838625e-17,2.3671282051244467e-16,2.3671282051244467e-16,1.2704591808525603e-15,1.9372811597446512e-15,2.4418571187519163e-15,0.938033708712274,0.916932903861197,0.961262939804282,0.863860432532583,1001,1001,25,25
J570481001,GR4J_NSE,2.560205860652292e-16,2.560205860652292e-16,5.091061654320201e-21,3.496091756766663e-16,3.496091756766663e-16,4.738565245163326e-16,0.0,2.0671356041769707e-15,0.952683540822114,0.935305467475153,0.93718074327107,0.859332515878902,306,306,30,30
J570481001,GR4J_KGE,2.296581228291493e-16,2.296581228291493e-16,5.091061654320201e-21,1.8350517437445675e-15,2.365842231468678e-16,1.8350517437445675e-15,4.731245512112096e-16,2.616624792391919e-15,0.938543584908405,0.93863066017856,0.968014578038794,0.891021272324481,412,412,41,41
J570481001,GR5J_NSE,1.0888262544478779e-15,1.0888262544478779e-15,1.3033117835059715e-17,4.649628846304157e-16,4.649628846304157e-16,5.764630766120206e-16,2.369179634267486e-16,2.0364807322588584e-15,0.955106793530531,0.937221482547836,0.962961089503027,0.872267933234959,890,890,66,66
J570481001,GR6J_NSE,1.1659151709756072e-16,1.1659151709756072e-16,1.3033117835059715e-18,3.488992610213835e-16,3.488992610213835e-16,8.053691075303788e-16,1.1815767015368113e-16,2.5406208776265255e-15,0.954621991495516,0.939611472688274,0.96496886951713,0.873977722848864,2196,2196,120,120
J570481001,CemaNeigeGR4J_NSE,1.7366174789535116e-15,1.7366174789535116e-15,2.28079562113545e-16,3.495809263571229e-16,3.495809263571229e-16,0.0,2.3744076217265234e-16,2.5831219235018876e-16,0.95276052632029,0.935157901673067,0.937169367227898,0.859597849040009,1169,1168,39,39
J813301001,GR4J_NSE,3.108216539076409e-16,3.108216539076409e-16,5.091061654320201e-21,3.6327725268585337e-16,3.6327725268585337e-16,8.606296245214513e-15,1.7503770930247625e-15,7.67063532362802e-15,0.916839424778322,0.887987074710438,0.94170916836266,0.79605226657422,216,216,19,19
J813301001,GR4J_KGE,2.5852783882715023e-16,2.5852783882715023e-16,5.091061654320201e-21,3.944822736387133e-15,0.0,3.944822736387133e-15,1.1140476783982801e-15,3.988203502544985e-15,0.913720028990285,0.896910196518016,0.956889202880291,0.83513017120367,262,262,24,24
J813301001,GR5J_NSE,1.0864174536394783e-15,1.0864174536394783e-15,5.551115123125783e-17,6.050370931603935e-16,6.050370931603935e-16,1.3081535764498235e-15,8.717843090577424e-16,5.647743870935306e-15,0.917483437937614,0.891454582473031,0.933564184720566,0.805970402515671,592,593,37,37
J813301001,GR6J_NSE,1.6753229926391462e-16,1.6753229926391462e-16,1.6291397293824643e-19,0.0,0.0,2.6818935585698212e-15,1.0942607802974057e-15,4.536930910202132e-15,0.932947334790829,0.913128515755697,0.952130612521243,0.832007001745891,1750,1750,84,84
J813301001,CemaNeigeGR4J_NSE,8.045257560827807e-16,8.045257560827807e-16,2.8509945264193126e-17,7.257721583190827e-16,7.257721583190827e-16,4.82640487513705e-15,1.4965892841827674e-15,6.680291704437931e-15,0.917827733042125,0.890202571694672,0.943127341929408,0.797730212089463,978,978,23,23
K066331001,GR4J_NSE,2.0853260622099248e-16,2.0853260622099248e-16,1.3033117835059715e-18,3.781446271147889e-16,3.781446271147889e-16,6.461671117409026e-16,1.1553236336526003e-15,3.357224815396139e-15,0.880792383403194,0.768770233576989,0.859083512958432,0.760602312042828,201,201,17,17
K066331001,GR4J_KGE,2.112279829356767e-16,2.112279829356767e-16,3.2582794587649287e-19,2.389552505058866e-15,3.8705220363171587e-16,2.389552505058866e-15,1.5983739502280911e-15,4.80758158099917e-15,0.860521925110814,0.764054823912388,0.929230910201579,0.808260977108673,485,485,49,49
K066331001,GR5J_NSE,3.1678160636157343e-16,3.1678160636157343e-16,6.516558917529857e-19,1.2550810399736157e-16,1.2550810399736157e-16,1.2493073606227906e-15,1.0063120384920423e-15,4.601686299082418e-15,0.884582739492659,0.772281447017346,0.888670842435204,0.772046038755166,891,891,65,65
K066331001,GR6J_NSE,5.690224613425116e-16,5.690224613425116e-16,1.2218547970368482e-19,7.530603889331936e-16,7.530603889331936e-16,1.3682079785728189e-15,1.6041566576273506e-15,6.1876399496656876e-15,0.884568919789763,0.761300538373834,0.892587491239129,0.753588887097025,2307,2307,129,129
K066331001,CemaNeigeGR4J_NSE,9.134873035337382e-16,9.134873035337382e-16,5.701989052838625e-17,8.647088317275032e-16,8.647088317275032e-16,1.5546793126590024e-15,1.3929544446657141e-16,2.872823261344446e-16,0.898748906825686,0.797027518650541,0.856940475570863,0.772914254464499,1084,1084,32,32
K075321001,GR4J_NSE,3.017062663124823e-16,3.017062663124823e-16,6.516558917529857e-19,7.714339752808899e-16,7.714339752808899e-16,4.330641265567138e-15,1.5944870658100425e-15,2.7927484900090756e-15,0.863500748113337,0.835546213022029,0.871639568425715,0.755321775066448,275,276,26,26
K075321001,GR4J_KGE,9.358943040145772e-16,9.358943040145772e-16,4.5615912422709e-18,2.411727887285535e-16,1.0520434620915854e-15,2.411727887285535e-16,6.574408754704353e-16,4.4636455848925365e-15,0.844241185563116,0.844351991219538,0.920686807560817,0.820794552699959,466,467,47,47
K075321001,GR5J_NSE,9.04141974213583e-16,9.04141974213583e-16,1.3033117835059715e-17,2.563191486500135e-16,2.563191486500135e-16,5.2512936604217395e-15,1.324197808771611e-15,5.5329524517576764e-15,0.866281766674476,0.838411766936129,0.887959616231245,0.762494803698408,501,501,28,28
K075321001,GR6J_NSE,5.444968532845964e-16,5.444968532845964e-16,2.606623567011943e-18,6.428658818230212e-16,6.428658818230212e-16,4.2567770874833115e-15,1.3305086510022815e-15,4.820770484573832e-15,0.863495058624683,0.834435028880735,0.886764377403009,0.759989713882199,1678,1678,80,80
K075321001,CemaNeigeGR4J_NSE,2.9070208829272444e-16,2.9070208829272444e-16,2.0364246617280804e-20,6.297010100951598e-16,6.297010100951598e-16,4.754426855518501e-15,1.6553871479167611e-15,2.4061761098205624e-15,0.881547755860659,0.871874554438233,0.887351435153271,0.784389444380077,1093,1095,35,35
K125181001,GR4J_NSE,5.766447983933978e-16,5.766447983933978e-16,9.774838376294785e-19,3.7663464132572377e-16,3.7663464132572377e-16,4.040827960495568e-15,2.510904902909468e-16,1.135472752427852e-15,0.884323614564975,0.884321045642712,0.824254114858925,0.78221024485267,256,256,24,24
K125181001,GR4J_KGE,5.272172535818729e-16,5.272172535818729e-16,4.887419188147393e-19,8.51589693020564e-16,2.6551639309597444e-16,8.51589693020564e-16,5.11265122816943e-16,3.9109758124738796e-16,0.836274560436539,0.868608457786524,0.91259455534397,0.851620985037149,515,515,53,53
K125181001,GR5J_NSE,7.811902340830384e-16,7.811902340830384e-16,9.1231824845418e-18,1.2328574234391535e-16,1.2328574234391535e-16,0.0,4.912540350651553e-16,3.990307243610888e-16,0.900528320240066,0.903990966285219,0.904581837981103,0.834689879885414,408,408,20,20
K125181001,GR6J_NSE,5.361292119524823e-16,5.361292119524823e-16,3.0546369925921205e-20,1.2264366212606375e-16,1.2264366212606375e-16,3.500909648602281e-15,1.5901043070742598e-15,2.2406662095122154e-15,0.905242884450053,0.907669972083976,0.91966005826468,0.842329452664724,1730,1730,83,83
K125181001,CemaNeigeGR4J_NSE,4.164479018277342e-16,4.164479018277342e-16,6.516558917529857e-19,2.4344274573678634e-16,2.4344274573678634e-16,3.82664539137342e-15,1.2596774139669753e-16,2.0534394644588065e-15,0.912101957497263,0.88135502972054,0.841375785347435,0.810997628983741,1030,1031,29,29
K152401001,GR4J_NSE,0.0,0.0,0.0,2.8208864553352124e-16,2.8208864553352124e-16,1.9496139398759826e-15,0.0,3.4082491318778344e-15,0.787144780340495,0.840642693935741,0.740295246403764,0.814364635379119,274,274,26,26
K152401001,GR4J_KGE,4.090668046494739e-16,4.090668046494739e-16,9.774838376294785e-19,6.638537772304406e-16,1.2627183687130762e-15,6.638537772304406e-16,0.0,2.4417714363366266e-15,0.703385997786133,0.716094839630665,0.836195456518258,0.818422811646724,268,268,25,25
K152401001,GR5J_NSE,1.536855372262654e-16,1.536855372262654e-16,5.551115123125783e-17,4.1767809375603485e-16,4.1767809375603485e-16,1.120837563408444e-15,2.6249750708752246e-16,2.8686372409494987e-15,0.797424888608333,0.845892242515647,0.792423852212084,0.890148437099933,482,483,26,26
K152401001,GR6J_NSE,1.0444052982444047e-15,1.0444052982444047e-15,5.213247134023886e-18,5.515963815384379e-16,5.515963815384379e-16,3.9044202467398057e-16,1.1441365987964338e-15,0.0,0.805098120135359,0.776287045300743,0.853050866298673,0.877605456386068,1097,1096,33,33
K152401001,CemaNeigeGR4J_NSE,1.1493266798710696e-15,1.1493266798710696e-15,6.516558917529858e-17,9.76238383386458e-16,9.76238383386458e-16,5.967691670336878e-16,2.6045034615779124e-16,4.375354316862417e-15,0.79607207672141,0.852541024424317,0.744155754657133,0.811983081029233,1038,1038,28,28
K175311001,GR4J_NSE,3.141620232499279e-16,3.141620232499279e-16,1.0182123308640402e-20,2.538769107870038e-16,2.538769107870038e-16,2.196004633056548e-15,5.114766380532171e-16,2.2541276503111806e-15,0.874615199297588,0.868249254824923,0.91001695271643,0.837299139470746,265,266,25,25
K175311001,GR4J_KGE,3.2432995205188287e-16,3.2432995205188287e-16,1.3033117835059715e-18,0.0,3.8433611536814764e-16,0.0,9.000153516959005e-16,1.5166538043250137e-15,0.866603199828122,0.863492067966633,0.932765361009354,0.878425666919494,165,165,12,12
K175311001,GR5J_NSE,1.031512537589538e-15,1.031512537589538e-15,2.28079562113545e-18,1.2684618720641092e-16,1.2684618720641092e-16,3.5432373221733556e-15,7.657590789480527e-16,3.1739820988788046e-15,0.875251396258795,0.869899989550477,0.908673757545002,0.839492844033875,798,799,56,56
K175311001,GR6J_NSE,4.899758582288052e-16,4.899758582288052e-16,1.3033117835059715e-18,1.2697014504143873e-16,1.2697014504143873e-16,1.5877369847487821e-15,2.5542153238888336e-16,1.9764212305644143e-15,0.874396909811214,0.869326101242572,0.909023311717505,0.842601016010215,1160,1160,38,38
K175311001,CemaNeigeGR4J_NSE,3.1319301006046497e-16,3.1319301006046497e-16,3.2582794587649287e-19,1.2729863009464397e-16,1.2729863009464397e-16,3.2983197097479234e-15,1.0270420594363656e-15,2.486783252664011e-15,0.872140590829397,0.864792645578266,0.908827048399446,0.848253962032292,1048,1049,31,31
K222302001,GR4J_NSE,1.4722160944577126e-16,1.4722160944577126e-16,2.606623567011943e-18,0.0,0.0,7.956586683541498e-16,4.468127004927438e-16,9.887423286948572e-16,0.685321640362476,0.745428469289798,0.69767544097879,0.673718314107572,323,323,32,32
K222302001,GR4J_KGE,1.163144875714691e-16,1.163144875714691e-16,1.3033117835059715e-18,5.687164279657171e-16,7.379605165912931e-16,5.687164279657171e-16,7.116047537102778e-16,1.6774845251804239e-15,0.60177909233051,0.780084041623176,0.78086228568877,0.794205615343542,335,335,33,33
K222302001,GR5J_NSE,9.250198516110622e-16,9.250198516110622e-16,1.5639741402071657e-17,1.7454120091525353e-15,1.7454120091525353e-15,2.8853608297987394e-15,4.490304537964888e-15,9.401211602117677e-15,0.699688853224193,0.741746811539203,0.76955576103984,0.75579910955312,493,494,27,27
K222302001,GR6J_NSE,1.1748417251105596e-16,1.1748417251105596e-16,8.145698646912322e-20,3.17252801532002e-16,3.17252801532002e-16,2.855563585762654e-16,3.198749989894348e-15,1.889932234741977e-15,0.699898011468413,0.728868576499733,0.777585923955983,0.763672847883749,2024,2024,106,106
K222302001,CemaNeigeGR4J_NSE,1.8278924477326392e-16,1.8278924477326392e-16,1.3877787807814457e-17,2.934916684010731e-16,2.934916684010731e-16,1.475537901784342e-16,7.114551416558352e-16,4.640575193203948e-15,0.756561868126337,0.780248085663723,0.75241918440901,0.765576147543821,1109,1109,34,34
K222303001,GR4J_NSE,1.6932987738530505e-16,1.6932987738530505e-16,1.3033117835059715e-18,1.427799507395991e-16,1.427799507395991e-16,1.5044306269222445e-15,1.243503058172705e-15,4.925416740881542e-15,0.777576276552982,0.803537004268361,0.811765797128239,0.721302148773028,310,310,30,30
K222303001,GR4J_KGE,3.941548319453847e-16,3.941548319453847e-16,1.5273184962960602e-20,3.8478762859718543e-16,1.496514714718041e-16,3.8478762859718543e-16,4.0711892105769064e-16,7.079292901494526e-15,0.741872441150259,0.818107167611475,0.865586319918351,0.799816804358095,458,458,46,46
K222303001,GR5J_NSE,8.653633211530994e-16,8.653633211530994e-16,1.3877787807814457e-17,7.160258815582354e-16,7.160258815582354e-16,2.8540190467914964e-15,5.530379036954228e-16,7.679126671961871e-15,0.775267384336065,0.802999589870133,0.816907075071513,0.722883650740401,734,734,50,50
K222303001,GR6J_NSE,1.1857184086768868e-16,1.1857184086768868e-16,1.3033117835059715e-18,2.84493953346229e-16,2.84493953346229e-16,1.2340484384456181e-15,0.0,5.833052849425445e-15,0.780489716260518,0.795520386985455,0.809693275428648,0.704232465769224,2146,2146,115,115
K222303001,CemaNeigeGR4J_NSE,9.102280804760562e-16,9.102280804760562e-16,4.887419188147393e-17,2.6816016319104543e-16,2.6816016319104543e-16,1.6915322245618614e-15,2.5944415050012605e-16,5.239342416347539e-15,0.828029794891048,0.855847412620403,0.853244124501703,0.826414739095552,1098,1098,33,33
K225401001,GR4J_NSE,0.0,0.0,0.0,1.5615787443226531e-15,1.5615787443226531e-15,8.48958858435695e-16,6.268887320181898e-15,9.62938845085226e-15,0.782058113641523,0.672981867131914,0.784647934533038,0.541887809633062,210,210,18,18
K225401001,GR4J_KGE,0.0,0.0,0.0,1.2929085634278387e-16,1.0627938547219845e-15,1.2929085634278387e-16,1.546330421436338e-16,1.6192793829743463e-15,0.7312388134206,0.717972697965746,0.858701888153378,0.61706505539969,279,279,26,26
K225401001,GR5J_NSE,9.115621663929613e-16,9.115621663929613e-16,1.82463649690836e-17,8.488097060579465e-16,8.488097060579465e-16,2.4382095413888373e-15,7.700334172369113e-15,1.3802103751878769e-14,0.784785812439353,0.67763919057721,0.819618416876084,0.563070768926673,492,493,27,27
K225401001,GR6J_NSE,1.575205446411482e-16,1.575205446411482e-16,8.145698646912322e-20,1.8277794701353184e-15,1.8277794701353184e-15,4.026404623312817e-15,7.837065478087222e-15,8.971255356312495e-15,0.789641176955473,0.679982900883126,0.827206747824337,0.569265471825215,1500,1500,64,64
K225401001,CemaNeigeGR4J_NSE,1.8098675610636567e-15,1.8098675610636567e-15,2.932451512888436e-16,0.0,0.0,3.9393936203136955e-16,3.3326651120252508e-15,5.082191105882057e-15,0.836223800649293,0.732894116892246,0.845477602619016,0.611670124988523,1109,1110,34,34
K337301001,GR4J_NSE,5.286390736014007e-16,5.286390736014007e-16,1.3033117835059715e-18,1.4577815853795706e-15,1.4577815853795706e-15,7.712950342606756e-16,2.7703190063679197e-15,8.903332730977566e-16,0.761583927084716,0.841588404206758,0.719713582552337,0.748184792035683,242,243,22,22
K337301001,GR4J_KGE,4.947632155431375e-16,4.947632155431375e-16,4.887419188147393e-19,5.47909109119806e-16,3.3278570448598487e-15,5.47909109119806e-16,4.914946749972801e-15,2.6246222065294463e-15,0.66722999795919,0.745427400873324,0.810516201425222,0.761405370782022,264,264,25,25
K337301001,GR5J_NSE,5.393300999854203e-16,5.393300999854203e-16,9.774838376294785e-19,1.4404637349839613e-15,1.4404637349839613e-15,3.723093819545666e-15,2.3341138376203542e-15,2.4994920756463125e-15,0.770740003834611,0.856171370957068,0.745497614642866,0.843940961982185,734,734,51,51
K337301001,GR6J_NSE,5.533667745996673e-16,5.533667745996673e-16,6.109273985184241e-20,1.4115466203933048e-16,1.4115466203933048e-16,4.195623417613654e-15,1.1423951612784026e-15,4.400300868057919e-15,0.786529476664264,0.874654196753145,0.767382210208988,0.883071567763739,1872,1872,94,94
K337301001,CemaNeigeGR4J_NSE,7.476447446728594e-16,7.476447446728594e-16,4.072849323456161e-17,1.7177750575562929e-15,1.7177750575562929e-15,1.3628732258227794e-15,2.888162816656231e-15,1.1735431944026936e-15,0.775577467893539,0.84569008370627,0.733157496405738,0.756834877434731,1036,1037,28,28
K633252001,GR4J_NSE,3.6435121855545686e-16,3.6435121855545686e-16,2.606623567011943e-18,6.302780267426058e-16,6.302780267426058e-16,3.067371397751415e-15,6.256343412735967e-16,8.084718349115106e-15,0.880740702926767,0.887277880530893,0.904865176612639,0.837674258739602,250,250,23,23
K633252001,GR4J_KGE,3.3192031042316587e-16,3.3192031042316587e-16,3.2582794587649287e-19,2.3711061851719833e-16,0.0,2.3711061851719833e-16,1.2566041915695836e-16,3.4983184048875486e-15,0.873941708848563,0.88351052150989,0.936459979370033,0.85686944970473,396,396,39,39
K633252001,GR5J_NSE,9.068474843512209e-16,9.068474843512209e-16,5.551115123125783e-17,1.1183769543366833e-15,1.1183769543366833e-15,3.571163698048376e-16,7.435849583602251e-16,6.308745462026462e-15,0.89343822607224,0.895840895227455,0.932656510732248,0.844711607129728,532,532,31,31
K633252001,GR6J_NSE,0.0,0.0,0.0,2.4762708163085916e-16,2.4762708163085916e-16,1.5630385835497241e-15,2.5063134981509455e-16,2.26179269130422e-15,0.896689503678907,0.885941064790365,0.923387270923878,0.834461597262676,1701,1701,81,81
K633252001,CemaNeigeGR4J_NSE,8.746155108052861e-16,8.746155108052861e-16,3.258279458764929e-17,7.484152705913892e-16,7.484152705913892e-16,4.053133598843437e-15,1.0048527235129286e-15,4.8402819998452194e-15,0.890059090120813,0.883889150038909,0.903926774658616,0.848674765487721,1060,1060,30,30
L091402001,GR4J_NSE,4.0673002363408123e-16,4.0673002363408123e-16,2.606623567011943e-18,2.4195863343199887e-16,2.4195863343199887e-16,1.1151449686126545e-15,2.4339902447618803e-16,3.2088588646298097e-15,0.91769655736395,0.912265796475097,0.896027646885894,0.899565853719284,225,226,20,20
L091402001,GR4J_KGE,2.898585057286213e-16,2.898585057286213e-16,2.0364246617280804e-20,2.3417745243862727e-16,1.3597145317779281e-15,2.3417745243862727e-16,8.842068484939719e-16,3.060954730313056e-15,0.898163032420344,0.878930217020263,0.948189514459016,0.906762041945986,405,405,40,40
L091402001,GR5J_NSE,1.0180802777717367e-15,1.0180802777717367e-15,1.82463649690836e-17,4.81172777588581e-16,4.81172777588581e-16,6.4587276555349656e-15,7.260154569273849e-16,2.3302673999332176e-16,0.922930869189308,0.917520155279173,0.928233028658223,0.952871781716531,1394,1394,112,112
L091402001,GR6J_NSE,3.8372790547450364e-16,3.8372790547450364e-16,2.606623567011943e-18,8.388645595107284e-16,8.388645595107284e-16,3.6941161303419255e-15,3.622607404929307e-16,4.673877201379204e-16,0.926438134054548,0.919412097856203,0.931668430255717,0.950151642236166,1881,1881,95,95
L091402001,CemaNeigeGR4J_NSE,5.364152325214345e-16,5.364152325214345e-16,2.606623567011943e-18,2.419023896930045e-16,2.419023896930045e-16,1.1134862923220633e-15,1.2239803718986604e-15,4.194934972116154e-15,0.917909927251341,0.907059500392934,0.897362391483876,0.899837139029914,993,995,26,26
L441171001,GR4J_NSE,5.316492356041516e-16,5.316492356041516e-16,2.606623567011943e-18,3.6242177127088303e-16,3.6242177127088303e-16,1.100209467214184e-15,6.043122766448773e-16,5.8955351392056546e-15,0.919003585848612,0.918583874209109,0.908191350773135,0.885084745070538,216,217,19,19
L441171001,GR4J_KGE,3.787219955029354e-16,3.787219955029354e-16,4.887419188147393e-19,3.15451885422077e-15,1.3536453503026043e-15,3.15451885422077e-15,1.6222310090250243e-15,6.252195857110307e-15,0.902190021052904,0.889694454108687,0.950256538323462,0.887866479232697,216,216,19,19
L441171001,GR5J_NSE,8.44292047677297e-16,8.44292047677297e-16,1.0426494268047772e-17,4.841690611142929e-16,4.841690611142929e-16,3.1236827977958664e-15,7.215596280274689e-16,2.8331158092912887e-15,0.917219305231961,0.923186094260993,0.924095066906997,0.940496414005369,575,575,35,35
L441171001,GR6J_NSE,4.273526886107624e-16,4.273526886107624e-16,2.606623567011943e-18,4.809172238618591e-16,4.809172238618591e-16,4.7687044032618e-16,2.3955264553093695e-16,6.136978858619934e-15,0.923421303741088,0.926913599442405,0.931257575005708,0.922626190513158,1627,1627,76,76
L441171001,CemaNeigeGR4J_NSE,8.151728376546208e-16,8.151728376546208e-16,5.701989052838625e-17,0.0,0.0,4.836011946738831e-16,2.4317931514023345e-16,6.5268115997460725e-15,0.930543110134999,0.913090016710449,0.918296345710094,0.884529856549777,1000,1001,25,25
L465301001,GR4J_NSE,4.521795320099438e-16,4.521795320099438e-16,4.887419188147393e-19,2.6283734222215445e-16,2.6283734222215445e-16,1.8370649438888715e-15,1.993148741652585e-15,4.602863589230509e-15,0.84479854745052,0.835529482640092,0.846084532637646,0.844209373330062,224,224,20,20
L465301001,GR4J_KGE,3.9095976138035763e-16,3.9095976138035763e-16,2.4437095940736964e-19,1.9722065932381056e-15,8.213476730542312e-16,1.9722065932381056e-15,1.3806790260884854e-15,3.0085976978654186e-15,0.811025387456246,0.72370239808264,0.900695112515421,0.77493523091073,359,359,35,35
L465301001,GR5J_NSE,1.6289132606341438e-16,1.6289132606341438e-16,1.6291397293824643e-19,2.6052128596537515e-16,2.6052128596537515e-16,2.820295279405731e-15,3.9428638658132597e-16,4.420031403306077e-15,0.852308877956876,0.844733469687897,0.866040755381474,0.904247622689072,1131,1131,86,86
L465301001,GR6J_NSE,4.680366928431742e-16,4.680366928431742e-16,1.3033117835059715e-18,1.2937769545154708e-16,1.2937769545154708e-16,3.0717319631928036e-15,3.949819876836614e-16,3.8401262848328824e-15,0.858125522139126,0.843245813159202,0.867437423260986,0.896244321425425,1192,1192,41,41
L465301001,CemaNeigeGR4J_NSE,1.0240979027871613e-15,1.0240979027871613e-15,3.665564391110545e-17,3.954305533338304e-16,3.954305533338304e-16,3.9428101000512216e-16,9.314490289737724e-16,7.913600525100349e-16,0.842289258074515,0.834351739132569,0.844744988817037,0.841758201797338,956,956,21,21
L503401001,GR4J_NSE,3.4540821479906564e-16,3.4540821479906564e-16,3.0546369925921205e-20,1.2568372739464777e-16,1.2568372739464777e-16,4.866344661312375e-16,3.7109144170982344e-16,1.0740210515188245e-15,0.883346673144924,0.897533249090638,0.91257245583238,0.930336254349599,283,283,27,27
L503401001,GR4J_KGE,2.1566629135530173e-16,2.1566629135530173e-16,2.0364246617280804e-20,1.0647737910196495e-15,6.329133965438723e-16,1.0647737910196495e-15,3.75023245290766e-16,5.89995311567715e-16,0.877073412166429,0.888123367204374,0.938415962704891,0.94087444667578,465,465,47,47
L503401001,GR5J_NSE,9.10761251721482e-16,9.10761251721482e-16,2.606623567011943e-17,3.7712788225815286e-16,3.7712788225815286e-16,4.890156810088576e-16,3.7122874677875354e-16,3.270787810708486e-15,0.88316701855408,0.897201281629328,0.908128771931996,0.916477111928154,723,723,49,49
L503401001,GR6J_NSE,1.181831209339406e-16,1.181831209339406e-16,2.606623567011943e-18,6.166476391756284e-16,6.166476391756284e-16,1.6949045816994085e-15,0.0,8.4076009229761395e-16,0.900208607065592,0.90716661626779,0.917049992818343,0.924349436132026,1866,1866,93,93
L503401001,CemaNeigeGR4J_NSE,7.25551136347381e-16,7.25551136347381e-16,6.516558917529858e-17,0.0,0.0,1.6966585397483517e-15,1.2368628425784004e-15,1.5410299220276052e-15,0.885866480068165,0.89761207662343,0.916101972236414,0.936574891494449,1036,1036,28,28
M011491010,GR4J_NSE,3.9683791013475774e-16,3.9683791013475774e-16,2.0364246617280804e-20,0.0,0.0,4.154903316076351e-15,5.0236825915373165e-16,1.6194087976665128e-15,0.92378381735002,0.883991378352917,0.881786097666127,0.754130352291173,258,259,24,24
M011491010,GR4J_KGE,3.264609585573267e-16,3.264609585573267e-16,2.0364246617280804e-20,4.719016686220813e-16,6.2473903731284605e-16,4.719016686220813e-16,6.245790458974733e-16,3.3905416796715922e-15,0.888549424893068,0.888777034642468,0.941063020918682,0.818617738340775,449,449,45,45
M011491010,GR5J_NSE,8.778657184611729e-16,8.778657184611729e-16,1.3033117835059715e-17,5.972510560075242e-16,5.972510560075242e-16,1.3207010259052088e-15,1.2598123181006277e-15,4.778899698152149e-15,0.929444170468884,0.881260651823915,0.924694766743768,0.743416665592338,590,590,38,38
M011491010,GR6J_NSE,5.263928411538394e-16,5.263928411538394e-16,2.606623567011943e-18,2.3716089752678235e-16,2.3716089752678235e-16,1.1992445194675649e-16,1.2519900248219121e-15,1.9561327714100123e-15,0.936261446303373,0.886766669553201,0.92576868737167,0.737828205276862,1887,1887,95,95
M011491010,CemaNeigeGR4J_NSE,1.0456528040512966e-15,1.0456528040512966e-15,9.774838376294786e-17,6.009641645623923e-16,6.009641645623923e-16,5.409550977830205e-15,1.1293529902157148e-15,2.353593916498982e-15,0.923701520067835,0.884755015322345,0.882505595280115,0.754742280283685,1049,1050,29,29
M530001010,GR4J_NSE,1.5659650503023254e-16,1.5659650503023254e-16,2.606623567011943e-18,8.326993124904331e-16,8.326993124904331e-16,5.7866712271143496e-15,1.792279679994491e-15,4.727685382745113e-16,0.933297416702909,0.929171130781806,0.940107465441075,0.939337485254156,304,304,30,30
M530001010,GR4J_KGE,2.2773994250251044e-16,2.2773994250251044e-16,2.606623567011943e-18,7.717313505206028e-15,1.3147739395297124e-15,7.717313505206028e-15,2.7752175388483335e-15,5.800740409278817e-16,0.928863350854448,0.92011271941497,0.963870945500738,0.956966651058245,297,297,29,29
M530001010,GR5J_NSE,9.94745372514457e-16,9.94745372514457e-16,5.551115123125783e-17,4.663881735776227e-16,4.663881735776227e-16,3.788466170532278e-15,1.172249561446543e-16,4.839106829659038e-15,0.95218797347174,0.947087600745317,0.967076335473325,0.940651769261285,909,908,67,67
M530001010,GR6J_NSE,1.9848684195685854e-16,1.9848684195685854e-16,2.606623567011943e-18,4.696335797161814e-16,4.696335797161814e-16,1.3967223045333591e-15,1.2996775758383687e-15,7.051255941611565e-15,0.945607871818799,0.939652533667742,0.953852906355136,0.928957323280957,2824,2824,167,167
M530001010,CemaNeigeGR4J_NSE,8.345794329721352e-16,8.345794329721352e-16,4.072849323456161e-17,2.378078598199065e-16,2.378078598199065e-16,4.964518579034985e-15,1.32326371045489e-15,1.906244832490678e-15,0.933714323375128,0.922903966487415,0.939252543663972,0.931861851701013,1036,1036,28,28
O038401001,GR4J_NSE,0.0,0.0,0.0,1.9520347833174747e-15,1.9520347833174747e-15,6.578632522435511e-16,0.0,3.5173103540544393e-15,0.62562682669628,0.65621042932331,0.675047904462756,0.820678181184102,291,291,28,28
O038401001,GR4J_KGE,0.0,0.0,0.0,2.3233381560135087e-15,1.4104162734709028e-15,2.3233381560135087e-15,6.062347128914253e-16,2.116403178610498e-15,0.551011876320103,0.457835472390705,0.764570940653859,0.681954150607674,298,298,29,29
O038401001,GR5J_NSE,9.717232874100854e-16,9.717232874100854e-16,2.606623567011943e-17,1.7760031507348175e-15,1.7760031507348175e-15,3.742865065524184e-15,0.0,2.1623704582628624e-15,0.625124467918767,0.66044897138798,0.682234842008723,0.821485898779474,586,587,36,36
O038401001,GR6J_NSE,1.3276945294459186e-16,1.3276945294459186e-16,3.2582794587649287e-19,4.152008001507604e-15,4.152008001507604e-15,9.542876937417925e-16,5.3047031103799e-16,3.1455250902744953e-15,0.615006752325784,0.627870967436091,0.698042968743694,0.81179227103702,1254,1254,46,46
O038401001,CemaNeigeGR4J_NSE,9.504461958041794e-16,9.504461958041794e-16,6.516558917529858e-17,1.4658399096668847e-16,1.4658399096668847e-16,0.0,4.797048994078321e-16,4.6467207517952066e-15,0.757397187307758,0.694316251092492,0.787785779755259,0.836241468714646,1026,1026,27,27
O062401001,GR4J_NSE,5.253576641500025e-16,5.253576641500025e-16,4.887419188147393e-19,3.910525181924992e-16,3.910525181924992e-16,1.8221741544841365e-15,2.67497870842761e-15,6.641930208594642e-15,0.851719121838238,0.830079896432343,0.852998727179977,0.902629829686868,200,201,17,17
O062401001,GR4J_KGE,4.460382080668555e-16,4.460382080668555e-16,3.2582794587649287e-19,2.794824066322729e-15,6.686743212395409e-16,2.794824066322729e-15,2.592819896477425e-15,1.921446644231731e-15,0.830167234900769,0.77074441114876,0.913657853246422,0.866708707180157,465,465,47,47
O062401001,GR5J_NSE,1.916109486201238e-16,1.916109486201238e-16,1.6291397293824643e-19,3.9081114963138633e-16,3.9081114963138633e-16,1.33410507279827e-15,1.7566235319542097e-15,6.297724264941269e-15,0.852245151402912,0.821627346872139,0.832185595619149,0.863818832295923,461,461,26,26
O062401001,GR6J_NSE,8.6906801927613e-16,8.6906801927613e-16,7.819870701035828e-18,5.171977561739664e-16,5.171977561739664e-16,2.88850438378935e-15,1.7365881322323575e-15,4.186692519289811e-15,0.858644888824087,0.831106642515964,0.84559008041771,0.875090770192146,1955,1954,102,102
O062401001,CemaNeigeGR4J_NSE,1.012576124594308e-15,1.012576124594308e-15,2.8509945264193126e-17,6.482737272771074e-16,6.482737272771074e-16,2.5921956332785724e-15,2.398815834828548e-15,7.454698601224663e-15,0.856291854745015,0.833078311102659,0.85658891664821,0.908468713825786,978,979,23,23
O158461001,GR4J_NSE,6.632994028392335e-16,6.632994028392335e-16,9.774838376294785e-19,5.350845322764102e-16,5.350845322764102e-16,3.2161340823065142e-15,8.901657638490928e-16,1.5097367831942372e-15,0.829942155047491,0.873046514255022,0.793969682634176,0.88245026840469,273,273,26,26
O158461001,GR4J_KGE,5.098309986898472e-16,5.098309986898472e-16,4.887419188147393e-19,8.06913674079224e-15,2.5774020369351524e-15,8.06913674079224e-15,2.1947022839068142e-15,1.2440743944323494e-16,0.775354956536632,0.809383966301861,0.880568465481647,0.892408870075437,179,179,14,14
O158461001,GR5J_NSE,3.8211891835654653e-16,3.8211891835654653e-16,1.3033117835059715e-18,1.7295511887430847e-15,1.7295511887430847e-15,9.68891371617699e-15,7.699659491899751e-16,5.153100073250784e-15,0.834488126981419,0.865147108746672,0.790649921582359,0.86179038547162,514,515,30,30
O158461001,GR6J_NSE,6.517692732140782e-16,6.517692732140782e-16,6.109273985184241e-20,1.4432893929136372e-15,1.4432893929136372e-15,9.469857112767236e-15,0.0,6.429946075366406e-15,0.846154162210176,0.858301629101629,0.797215467725783,0.846055745553553,2841,2841,169,169
O158461001,CemaNeigeGR4J_NSE,1.061177593769063e-15,1.061177593769063e-15,8.145698646912322e-17,1.311684269579889e-15,1.311684269579889e-15,4.822196846955016e-15,1.1382160905056396e-15,3.1189020108595352e-15,0.846410260741133,0.877865574469921,0.805811274303688,0.889914961066051,1085,1085,32,32
O528431002,GR4J_NSE,8.577284501488087e-16,8.577284501488087e-16,2.28079562113545e-18,5.549174924904989e-16,5.549174924904989e-16,8.015825490522999e-16,9.260475236817122e-16,1.3686904891176779e-15,0.800279709794274,0.839218395777194,0.831023349451226,0.81115711218309,250,250,23,23
O528431002,GR4J_KGE,4.641392471254714e-16,4.641392471254714e-16,9.774838376294785e-19,2.0020590080650278e-15,1.4249818091880804e-16,2.0020590080650278e-15,6.649434641113607e-16,5.122864078371747e-15,0.779113822693452,0.83482512765869,0.887264976828572,0.888548735887977,386,386,38,38
O528431002,GR5J_NSE,8.834510320382227e-16,8.834510320382227e-16,7.819870701035828e-18,8.337126771504946e-16,8.337126771504946e-16,5.350279103894241e-16,3.9706860681847724e-16,1.369189705429641e-15,0.798996864305626,0.838814506279543,0.830029987644624,0.810861358526485,1015,1013,77,77
O528431002,GR6J_NSE,4.1405900853321185e-16,4.1405900853321185e-16,6.109273985184241e-20,4.1244095194653837e-16,4.1244095194653837e-16,5.29453621288252e-16,5.250615218774705e-16,5.466543732389871e-16,0.807550525270633,0.845785096310478,0.838768859054202,0.812376579407543,1109,1109,34,34
O528431002,CemaNeigeGR4J_NSE,8.409433829750202e-16,8.409433829750202e-16,4.072849323456161e-17,1.5156351342844647e-15,1.5156351342844647e-15,7.965079892784734e-16,6.64709375893921e-16,1.365419471001491e-16,0.805764724941023,0.835119124904847,0.836317806904259,0.8131003315859,1049,1049,29,29
O726501001,GR4J_NSE,1.2457507530907515e-16,1.2457507530907515e-16,2.606623567011943e-18,7.38004841665395e-16,7.38004841665395e-16,3.700897283399222e-15,3.901502150063491e-15,1.0758768366636462e-14,0.752178686334772,0.739863712231565,0.809966323554559,0.681069776095276,404,404,42,42
O726501001,GR4J_KGE,2.3388052743731053e-16,2.3388052743731053e-16,2.0364246617280804e-20,3.8716737021877955e-15,1.6813390505396645e-15,3.8716737021877955e-15,2.0320894451705805e-15,4.136097416302483e-15,0.726352799987418,0.764883769348423,0.860265954745459,0.751583958515521,371,371,37,37
O726501001,GR5J_NSE,1.0645180834923556e-15,1.0645180834923556e-15,2.606623567011943e-17,4.469361219356071e-16,4.469361219356071e-16,5.761499062014774e-15,5.4340754320519315e-15,1.3098083228485335e-14,0.745222619163313,0.735507436108842,0.80932699167967,0.678098011904933,980,980,75,75
O726501001,GR6J_NSE,0.0,0.0,0.0,2.9371520930032923e-16,2.9371520930032923e-16,1.3657343210195278e-16,2.8936835181056896e-15,6.819488409742638e-15,0.75598606369065,0.728975277907621,0.812912883229272,0.667486199472099,1240,1240,44,44
O726501001,CemaNeigeGR4J_NSE,2.554963545756949e-16,2.554963545756949e-16,2.0364246617280804e-20,2.7335781354681e-16,2.7335781354681e-16,5.56675763079726e-15,3.514830032769453e-15,8.30818284625657e-15,0.812285560979614,0.75808367239906,0.857583412555444,0.748328371311928,1013,1013,26,26
O794402002,GR4J_NSE,3.4438539622799344e-16,3.4438539622799344e-16,6.516558917529857e-19,1.0319096631707533e-15,1.0319096631707533e-15,7.384623813464648e-16,1.367814374807616e-16,4.948437933436541e-16,0.753124178379761,0.811676675631743,0.751712648246785,0.897433120964005,208,208,18,18
O794402002,GR4J_KGE,5.969070273216285e-16,5.969070273216285e-16,6.516558917529857e-19,3.7475682967495615e-15,8.088765235803008e-16,3.7475682967495615e-15,1.9876364580899046e-15,3.719744970427553e-15,0.686274723187055,0.6702773156166,0.829504420679055,0.805862280967981,186,186,15,15
O794402002,GR5J_NSE,9.710565424811721e-16,9.710565424811721e-16,1.0426494268047772e-17,1.445624558158951e-16,1.445624558158951e-16,1.7039922302152264e-15,1.2342122799110273e-15,1.4661050503510658e-15,0.767988492142843,0.809585788787219,0.781850765470869,0.8329862357375,1266,1266,100,100
O794402002,GR6J_NSE,3.143257172357463e-16,3.143257172357463e-16,4.072849323456161e-20,1.7143435603984102e-15,1.7143435603984102e-15,9.972814896631886e-16,9.685426600630237e-16,3.1023457035173994e-15,0.77712989410394,0.802397405176804,0.779274583247382,0.787304474612897,1037,1037,28,28
O794402002,CemaNeigeGR4J_NSE,9.197445810678281e-16,9.197445810678281e-16,2.4437095940736966e-17,2.9215896455537515e-16,2.9215896455537515e-16,1.4569340333616205e-16,9.677781591618196e-16,3.224596023511218e-15,0.760012978766378,0.803031262774823,0.762026968416347,0.895175657036955,1074,1074,31,31
P088501001,GR4J_NSE,0.0,0.0,0.0,0.0,0.0,2.1829682098722976e-15,3.7405930924211893e-16,2.0412994727936317e-15,0.838491064907505,0.890412026002971,0.864593049650126,0.870208836613869,209,209,18,18
P088501001,GR4J_KGE,8.579315661977486e-16,8.579315661977486e-16,2.28079562113545e-18,8.546614704855985e-16,5.4069794853511e-16,8.546614704855985e-16,2.535538198125936e-16,4.843385742967495e-16,0.821325864196849,0.875729677782605,0.909314557957138,0.916898288547163,193,194,16,16
P088501001,GR5J_NSE,9.93663846513376e-16,9.93663846513376e-16,1.3033117835059715e-17,6.590359568487096e-16,6.590359568487096e-16,2.50918612269133e-16,2.51087964818317e-16,2.3002348298678435e-15,0.842308384760881,0.884329940249024,0.884926801232538,0.86878149064463,573,575,35,35
P088501001,GR6J_NSE,4.2254627382308073e-16,4.2254627382308073e-16,6.516558917529857e-19,3.899675134303187e-16,3.899675134303187e-16,9.823638597885758e-16,2.55346480876227e-16,3.8520374902210563e-16,0.854088855909432,0.869581613825577,0.90412367153987,0.864651261139292,1398,1398,58,58
P088501001,CemaNeigeGR4J_NSE,1.6275430525650245e-15,1.6275430525650245e-15,7.168214809282844e-16,7.915546312023081e-16,7.915546312023081e-16,7.655192830796418e-16,3.698207571974579e-16,4.96552856703237e-16,0.84155128214371,0.900617125743737,0.870172482259721,0.894344285517767,990,991,24,24
P367401001,GR4J_NSE,1.2496775315426755e-16,1.2496775315426755e-16,2.606623567011943e-18,4.894882877281314e-16,4.894882877281314e-16,1.2809129581360066e-16,1.5596365789571127e-15,6.256837546181744e-15,0.907251962883974,0.925401437415499,0.866743534424666,0.833975339334576,233,233,21,21
P367401001,GR4J_KGE,4.0421978736447994e-16,4.0421978736447994e-16,3.8182962407401506e-21,2.009695369765334e-15,6.299661645221325e-16,2.009695369765334e-15,8.991754580447668e-16,3.5497599838820937e-15,0.881176710075634,0.864298630800617,0.939136931028084,0.781900064839731,373,373,37,37
P367401001,GR5J_NSE,7.836526536083247e-16,7.836526536083247e-16,1.82463649690836e-17,2.436856391466752e-16,2.436856391466752e-16,6.241051844849689e-16,1.5524510047278203e-15,8.190261480089521e-15,0.911192820810347,0.929684690606867,0.889451852207691,0.881101253922926,698,698,47,47
P367401001,GR6J_NSE,2.1260085476830626e-16,2.1260085476830626e-16,3.2582794587649287e-19,0.0,0.0,2.427333889278666e-16,7.478665568049441e-16,3.862989683920596e-16,0.909319882816566,0.890712131347294,0.914767457026757,0.862199836499468,1615,1615,74,74
P367401001,CemaNeigeGR4J_NSE,1.501690062447758e-16,1.501690062447758e-16,6.516558917529857e-19,2.445288815963663e-16,2.445288815963663e-16,0.0,1.317945382973912e-15,5.995710780689968e-15,0.908050629747496,0.926628176603162,0.866840799778154,0.833262943053147,1017,1018,28,28
P392252001,GR4J_NSE,1.457308413876607e-16,1.457308413876607e-16,2.606623567011943e-18,4.703116596324294e-16,4.703116596324294e-16,3.4417855778554243e-15,2.3273660967869654e-16,1.2807199229447218e-15,0.944244525422013,0.954059635188353,0.935458266816004,0.953561590796291,209,209,18,18
P392252001,GR4J_KGE,1.238887952579914e-16,1.238887952579914e-16,6.363827067900251e-22,1.7196883853365204e-15,1.0659406442901114e-15,1.7196883853365204e-15,1.4194790250830634e-15,5.366761523292736e-15,0.937388706880656,0.938560983296127,0.968393199103831,0.930915895765002,357,357,35,35
P392252001,GR5J_NSE,7.812747753995697e-16,7.812747753995697e-16,1.5639741402071657e-17,3.530302303262294e-16,3.530302303262294e-16,3.183428435006824e-15,2.3270627677623626e-16,1.0302117057719283e-15,0.943451519944242,0.954183995382914,0.941626999848513,0.969898435985979,575,576,35,35
P392252001,GR6J_NSE,8.336455957656e-16,8.336455957656e-16,1.5639741402071657e-17,3.5302601670784404e-16,3.5302601670784404e-16,3.4301033357000715e-15,8.160504797499456e-16,2.532219809779684e-15,0.943462780713936,0.952338288528114,0.938644249548778,0.964565021070526,1376,1377,55,55
P392252001,CemaNeigeGR4J_NSE,1.457308413876607e-16,1.457308413876607e-16,6.516558917529857e-19,4.709467364436317e-16,4.709467364436317e-16,4.626390836097193e-15,8.141789090259571e-16,3.137103262113202e-15,0.94297120137962,0.954527449215505,0.935906616936578,0.955531876393731,953,954,22,22
P613402001,GR4J_NSE,9.576901933009801e-16,9.576901933009801e-16,2.28079562113545e-18,6.285227016435651e-16,6.285227016435651e-16,3.26283588087178e-15,1.598921165039824e-15,9.162071451492944e-15,0.883200417202085,0.902664849005708,0.918710678664907,0.860349487184381,241,242,22,22
P613402001,GR4J_KGE,1.0271305674222336e-15,1.0271305674222336e-15,2.28079562113545e-18,2.363716991568722e-15,0.0,2.363716991568722e-15,1.3767260124109513e-15,4.072812860499224e-15,0.879093721514048,0.887064903312898,0.939387438162246,0.817781024553928,194,195,16,16
P613402001,GR5J_NSE,8.876083736305757e-16,8.876083736305757e-16,1.82463649690836e-17,5.041344657796169e-16,5.041344657796169e-16,8.54742342219896e-16,8.576465777892293e-16,7.891327642681763e-15,0.880894364489249,0.906149616128474,0.909228522854287,0.844134022736784,603,605,38,38
P613402001,GR6J_NSE,0.0,0.0,0.0,6.37180561163269e-16,6.37180561163269e-16,1.9839611000531718e-15,0.0,3.636365633149398e-15,0.871199697773483,0.898235055282548,0.895358704035398,0.824340143125747,1424,1424,60,60
P613402001,CemaNeigeGR4J_NSE,1.800963078543985e-15,1.800963078543985e-15,9.774838376294787e-16,7.539564244487571e-16,7.539564244487571e-16,7.24463137235573e-16,1.600898235683665e-15,7.607534325924583e-15,0.883517658546549,0.901550079725302,0.919486141581953,0.861030074220839,1146,1148,37,37
P638251001,GR4J_NSE,4.187300650869181e-16,4.187300650869181e-16,9.774838376294785e-19,2.3823760181580515e-16,2.3823760181580515e-16,8.138595783967005e-16,4.729401184475508e-16,4.462055725595328e-15,0.932030054167127,0.93899669858376,0.954901973100327,0.945494129393177,249,249,23,23
P638251001,GR4J_KGE,2.2294933005610815e-16,2.2294933005610815e-16,3.2582794587649287e-19,3.3357862967960986e-15,2.386502106279595e-16,3.3357862967960986e-15,5.921577617447937e-16,5.015361217222282e-15,0.930418642165729,0.937438547925035,0.965183763272038,0.951867432697538,232,232,21,21
P638251001,GR5J_NSE,8.675949102548482e-16,8.675949102548482e-16,1.5639741402071657e-17,4.768044399687658e-16,4.768044399687658e-16,1.39181398258457e-15,2.3642052680768473e-16,3.1712533305123677e-15,0.93138648180196,0.939193427589528,0.957216730267499,0.945242102750464,893,893,65,65
P638251001,GR6J_NSE,1.5073613238195983e-16,1.5073613238195983e-16,1.6291397293824643e-19,0.0,0.0,2.359578794013441e-16,3.5452606584908115e-16,3.194873210236552e-15,0.927608504423489,0.939470858341149,0.941034923217599,0.938253874013979,1160,1160,38,38
P638251001,CemaNeigeGR4J_NSE,4.1456363132508167e-16,4.1456363132508167e-16,9.774838376294785e-19,0.0,0.0,3.604414452677686e-15,4.726262057709757e-16,3.639118781147705e-15,0.9322430716709,0.939620368967138,0.954854504531571,0.945748568078491,984,985,25,25
P821501001,GR4J_NSE,1.7616316380859029e-16,1.7616316380859029e-16,2.0364246617280804e-20,6.189863426200627e-16,6.189863426200627e-16,5.138583923922828e-15,2.0155213686194013e-15,6.2243483986214606e-15,0.896807367288407,0.77117130022784,0.929041750911738,0.856165204277609,242,242,22,22
P821501001,GR4J_KGE,8.409433829750195e-16,8.409433829750195e-16,2.606623567011943e-18,0.0,9.931117066779174e-16,0.0,1.3005261640805962e-15,4.9597999299913666e-15,0.894338888292026,0.76830497513983,0.94694001177229,0.872992833814901,208,209,18,18
P821501001,GR5J_NSE,8.715640082156487e-16,8.715640082156487e-16,2.0852988536095543e-17,4.948054938912846e-16,4.948054938912846e-16,7.761602810477777e-15,1.2980675750952574e-15,7.697488523019126e-15,0.897502585021085,0.769760173763924,0.929762812691429,0.850967926187858,562,562,34,34
P821501001,GR6J_NSE,1.159871289036455e-16,1.159871289036455e-16,1.6291397293824643e-19,4.928761839784691e-16,4.928761839784691e-16,2.3019560815596415e-15,2.5894876460424807e-15,4.0876979156242975e-15,0.901015760723919,0.771736234146335,0.916361421351967,0.841963238815398,2118,2118,114,114
P821501001,CemaNeigeGR4J_NSE,1.0330315191902136e-15,1.0330315191902136e-15,2.8509945264193126e-17,3.7127900877779213e-16,3.7127900877779213e-16,8.349204650521281e-15,1.4481199198868605e-15,8.41431057907899e-15,0.897079822756382,0.766665114800642,0.930814550328561,0.857640039815765,1000,1000,25,25
Q022402001,GR4J_NSE,8.00821864908522e-16,8.00821864908522e-16,1.0426494268047772e-17,1.7698589113760938e-15,1.7698589113760938e-15,9.408605805969356e-15,4.458270025914506e-15,8.367642740745158e-15,0.81548304372495,0.771979121123783,0.896806090207099,0.782814951383202,249,249,23,23
Q022402001,GR4J_KGE,1.2924909160132528e-15,1.2924909160132528e-15,1.0426494268047772e-17,2.4491323989054997e-15,4.371809292852516e-15,2.4491323989054997e-15,2.145561210584655e-15,2.6199764704743356e-15,0.812641503966983,0.776176661249361,0.90662556676912,0.805130798142586,408,408,41,41
Q022402001,GR5J_NSE,7.034592813548584e-16,7.034592813548584e-16,3.1279482804143314e-17,6.612551010057668e-16,6.612551010057668e-16,2.72374942005387e-15,2.0702589361145583e-15,2.5253212972218586e-15,0.839481633439584,0.804408814707603,0.89673838429933,0.791345420689142,544,544,32,32
Q022402001,GR6J_NSE,1.4496515932050113e-16,1.4496515932050113e-16,3.2582794587649287e-19,0.0,0.0,2.7423038801879928e-15,1.909738196748683e-15,9.892000559377446e-16,0.854089216393596,0.813887598374178,0.89067104190069,0.785640996047942,1677,1677,80,80
Q022402001,CemaNeigeGR4J_NSE,9.662283191366117e-16,9.662283191366117e-16,5.701989052838625e-17,2.173565535670186e-15,2.173565535670186e-15,1.1496345159543246e-14,3.883541757550046e-15,1.1346727336090274e-14,0.817254787237201,0.771873293408071,0.898117965816553,0.782761754462114,1037,1037,28,28
Q055401001,GR4J_NSE,3.456054036283606e-16,3.456054036283606e-16,3.2582794587649287e-19,3.858741480232787e-15,3.858741480232787e-15,1.1265170525531645e-14,3.3696641687009595e-15,1.7526585842673186e-15,0.776834152234289,0.724846908146621,0.77857338019522,0.633450824131429,225,225,20,20
Q055401001,GR4J_KGE,5.224943589827345e-16,5.224943589827345e-16,1.3033117835059715e-18,7.986047630071027e-15,5.149550569320028e-15,7.986047630071027e-15,2.687095369972852e-15,3.393606295985786e-16,0.733026743385097,0.702386362223472,0.861926083029729,0.654302784585479,224,224,20,20
Q055401001,GR5J_NSE,1.0142433934352345e-15,1.0142433934352345e-15,1.82463649690836e-17,4.802836325853782e-15,4.802836325853782e-15,7.459440143751663e-15,4.6639712882246335e-15,1.4260148783847497e-15,0.785943560767607,0.73793151021907,0.818590472979824,0.622839518130531,1502,1502,123,123
Q055401001,GR6J_NSE,3.8616677305718884e-16,3.8616677305718884e-16,1.73645993591272e-18,4.787829295227041e-15,4.787829295227041e-15,7.537022086659453e-15,5.5685807471467226e-15,7.139144125553306e-16,0.788407031864851,0.737679020496898,0.824894615727002,0.622048248417515,1182,1182,40,40
Q055401001,CemaNeigeGR4J_NSE,5.171347974218638e-16,5.171347974218638e-16,1.3033117835059716e-16,4.5565323100459546e-15,4.5565323100459546e-15,1.2219303247044048e-14,3.04982243449759e-15,1.5801542605316227e-15,0.779696803854041,0.728057484309278,0.781379905117427,0.632343782578843,1053,1054,32,32
U012401001,GR4J_NSE,2.217967380599766e-16,2.217967380599766e-16,6.516558917529857e-19,7.691567408211572e-16,7.691567408211572e-16,9.65875359035e-16,1.0645083753689285e-15,9.170850892238453e-15,0.866057305906108,0.834355501798948,0.91955800651908,0.726359879363933,241,241,22,22
U012401001,GR4J_KGE,3.943807541836638e-16,3.943807541836638e-16,5.091061654320201e-21,1.0720056768798997e-15,1.0280719775994921e-15,1.0720056768798997e-15,5.225870953836862e-16,5.935514252531688e-15,0.863926299960035,0.849789850864974,0.932085289949994,0.766894696448855,360,360,35,35
U012401001,GR5J_NSE,8.84791890493049e-16,8.84791890493049e-16,1.3033117835059715e-17,1.2791037318103679e-15,1.2791037318103679e-15,3.542097338036848e-15,3.951820214810202e-16,8.638276367897239e-15,0.867969498497055,0.842818977794878,0.90896620396022,0.732584947603829,491,491,27,27
U012401001,GR6J_NSE,1.866379457849551e-16,1.866379457849551e-16,2.606623567011943e-18,1.0212909304092172e-15,1.0212909304092172e-15,4.379845834330762e-15,7.869268692994626e-16,7.30579685011613e-15,0.869662496017902,0.846500279458114,0.912544194437673,0.744626894542899,1226,1226,43,43
U012401001,CemaNeigeGR4J_NSE,8.561081077190213e-16,8.561081077190213e-16,9.774838376294786e-17,8.734002267013192e-16,8.734002267013192e-16,4.271795525130603e-15,6.609343462571725e-16,7.323075187956042e-15,0.889805261641382,0.83988903808092,0.935625983298526,0.742869993962422,968,968,22,22
U041501001,GR4J_NSE,1.7733768312183382e-16,1.7733768312183382e-16,2.606623567011943e-18,1.2792236913873597e-16,1.2792236913873597e-16,1.7054798179598845e-15,2.549219519435154e-16,3.350530218942593e-15,0.867888104402666,0.871029753350669,0.911363604603956,0.861529273100063,243,243,22,22
U041501001,GR4J_KGE,1.4001665336404676e-16,1.4001665336404676e-16,6.516558917529857e-19,1.0732352430364413e-15,3.8619967056973724e-16,1.0732352430364413e-15,6.333828189237141e-16,3.720874075204688e-16,0.86242152122034,0.876423382080146,0.931017434104811,0.895130823176876,290,290,28,28
U041501001,GR5J_NSE,9.357734914946437e-16,9.357734914946437e-16,1.3033117835059715e-17,2.5573500522541247e-16,2.5573500522541247e-16,3.051302484525001e-15,2.551522258133834e-16,1.4171641470198706e-15,0.868260505554625,0.870243652459584,0.909630420333422,0.861752909608818,1395,1396,111,111
U041501001,GR6J_NSE,1.416266490253242e-16,1.416266490253242e-16,3.2582794587649287e-19,2.555828715198864e-16,2.555828715198864e-16,1.2286853480182602e-16,0.0,1.166141000023546e-15,0.86877733083046,0.867340840305144,0.903586118623315,0.856843831185479,1448,1448,61,61
U041501001,CemaNeigeGR4J_NSE,1.9758100221022832e-15,1.9758100221022832e-15,4.2357632963944076e-16,0.0,0.0,3.4198437840689154e-15,2.494509774670753e-16,3.2377298058762445e-15,0.906550827351594,0.890133232507933,0.941460187863386,0.891544395948814,1121,1122,35,35
U044431001,GR4J_NSE,0.0,0.0,0.0,2.6109100070025672e-16,2.6109100070025672e-16,7.531627541666661e-16,5.05234999016581e-16,8.702886552685166e-16,0.850449093724022,0.878975547447156,0.88444869464122,0.892986611433913,211,211,18,18
U044431001,GR4J_KGE,0.0,0.0,0.0,4.833976600283782e-16,5.294398734278649e-16,4.833976600283782e-16,2.5535925388336996e-16,1.0785998214928519e-15,0.838790639199125,0.869538117566891,0.91868299450186,0.926386878851586,262,262,24,24
U044431001,GR5J_NSE,9.682680944452367e-16,9.682680944452367e-16,1.3033117835059715e-17,1.3060219033507283e-16,1.3060219033507283e-16,1.9996560581083918e-15,3.796961005182895e-16,3.114434297408981e-15,0.85007994259267,0.877193384216764,0.888331186854516,0.891191560493662,1039,1040,79,79
U044431001,GR6J_NSE,9.866806798791753e-16,9.866806798791753e-16,6.5165589175298575e-18,9.131726112359294e-16,9.131726112359294e-16,8.68183087375345e-16,3.809453993981542e-16,9.946608653022676e-16,0.85105062030471,0.874316655126301,0.895152334269809,0.892945978557442,1351,1350,54,54
U044431001,CemaNeigeGR4J_NSE,7.493824607321111e-16,7.493824607321111e-16,4.887419188147393e-17,5.010541499856115e-16,5.010541499856115e-16,2.4316710338492465e-15,1.2507969205148663e-16,3.3685414536942082e-15,0.886309812747415,0.887612534389799,0.913135871728269,0.922839903169746,1014,1014,26,26
U047401001,GR4J_NSE,2.311566731170665e-16,2.311566731170665e-16,5.091061654320201e-21,9.87215918336689e-16,9.87215918336689e-16,5.441754490376691e-15,0.0,1.053141685560621e-15,0.89968000232064,0.886941036434249,0.938488849930126,0.843360804987336,242,242,22,22
U047401001,GR4J_KGE,2.443537373223302e-16,2.443537373223302e-16,5.091061654320201e-21,2.3399407876384657e-16,2.473257818423941e-16,2.3399407876384657e-16,8.709834246585851e-16,3.9494634601440494e-15,0.897781878100064,0.892274290457646,0.948932580251849,0.871432641691653,458,458,46,46
U047401001,GR5J_NSE,9.724466335727476e-16,9.724466335727476e-16,1.5639741402071657e-17,4.938246885433508e-16,4.938246885433508e-16,3.693150528232313e-15,7.487139356240754e-16,4.858261841561288e-15,0.899285151497803,0.889704041931384,0.931912022006131,0.845533922435304,520,520,30,30
U047401001,GR6J_NSE,4.919226533408925e-16,4.919226533408925e-16,1.6291397293824643e-19,2.470402838867995e-16,2.470402838867995e-16,3.0913087814477333e-15,6.249992985575372e-16,3.909666334960326e-15,0.898819420992805,0.888179416510937,0.933772737731348,0.851906221278412,1451,1451,60,60
U047401001,CemaNeigeGR4J_NSE,3.3397163307266005e-16,3.3397163307266005e-16,7.636592481480301e-21,8.469120071483659e-16,8.469120071483659e-16,3.731714308944403e-15,8.669653334725266e-16,2.573057654075012e-15,0.91763502073181,0.896409680101975,0.952032600750046,0.862960083981694,1022,1023,28,28
U063501001,GR4J_NSE,5.063491627333507e-16,5.063491627333507e-16,1.3033117835059715e-18,3.7113838127734744e-16,3.7113838127734744e-16,4.965330718751328e-16,3.6665653621048434e-16,1.5592491557565397e-15,0.897419733958073,0.908389390326715,0.894379921508514,0.925631369870729,172,172,13,13
U063501001,GR4J_KGE,3.6288257449185626e-16,3.6288257449185626e-16,4.887419188147393e-19,1.1824135894465168e-16,7.565046205370666e-16,1.1824135894465168e-16,1.2625580833423938e-16,3.6341094197583536e-16,0.88054163410421,0.879344118320515,0.938946435100469,0.916502143762347,216,216,19,19
U063501001,GR5J_NSE,8.848196644378097e-16,8.848196644378097e-16,1.0426494268047772e-17,4.92312648983176e-16,4.92312648983176e-16,1.572243943763302e-15,2.440402028593058e-16,8.426386173938259e-16,0.902047125474606,0.909868957341609,0.917980913673017,0.922288750118354,1671,1671,137,137
U063501001,GR6J_NSE,4.3311750941742556e-16,4.3311750941742556e-16,1.2218547970368482e-19,6.117313938796671e-16,6.117313938796671e-16,5.7054340082301394e-15,8.534891059441605e-16,1.6928795816555168e-15,0.907443230585242,0.910563605118183,0.914575159087136,0.918146955824945,1857,1857,92,92
U063501001,CemaNeigeGR4J_NSE,1.9488317792545693e-15,1.9488317792545693e-15,1.5639741402071658e-15,3.700454774702241e-16,3.700454774702241e-16,2.2153850970891833e-15,1.2365075638278556e-16,3.2051334221407936e-15,0.900070201275051,0.897869982443326,0.902056011368408,0.935250353629817,923,924,18,18
U303401001,GR4J_NSE,3.7249902835037876e-16,3.7249902835037876e-16,6.516558917529857e-19,2.5132425840807744e-15,2.5132425840807744e-15,1.486639363220211e-16,6.556156636180583e-16,1.797834190275391e-15,0.795148648595815,0.846702638630015,0.746800503264155,0.802793683544099,274,274,26,26
U303401001,GR4J_KGE,3.7788355921689456e-16,3.7788355921689456e-16,1.6291397293824643e-19,1.4702457584486312e-15,1.7368099299505626e-15,1.4702457584486312e-15,5.849637524976793e-16,2.1402128330663793e-15,0.703154274988763,0.759173894029997,0.830640265458954,0.829990742955776,273,273,26,26
U303401001,GR5J_NSE,1.501154067920965e-16,1.501154067920965e-16,2.5455308271601005e-21,8.146241163835797e-16,8.146241163835797e-16,1.758364834487619e-15,5.186145356619976e-16,3.1210149505466263e-15,0.817719241767983,0.856299195862674,0.820813692189922,0.818167486250147,994,994,75,75
U303401001,GR6J_NSE,5.28776812931242e-16,5.28776812931242e-16,3.47291987182544e-18,4.062088688088004e-16,4.062088688088004e-16,5.1074657375245175e-15,1.308806185010202e-15,5.102190292794779e-15,0.819940018454691,0.848271529689098,0.826015818878578,0.805110149833901,1791,1791,87,87
U303401001,CemaNeigeGR4J_NSE,1.899824223860953e-15,1.899824223860953e-15,6.516558917529858e-16,1.1042577563887533e-15,1.1042577563887533e-15,1.4681106728359822e-16,1.060923886741123e-15,2.7284955492404694e-15,0.804321649145331,0.837174495550641,0.756225702303842,0.813798670065054,1036,1037,28,28
U342401001,GR4J_NSE,4.039068157751246e-16,4.039068157751246e-16,1.3033117835059715e-18,6.191720641408086e-16,6.191720641408086e-16,2.3117160096829717e-15,3.782859402509625e-16,1.931564073438795e-15,0.896538368672812,0.880463353109512,0.912492597685943,0.919646862264203,240,240,22,22
U342401001,GR4J_KGE,2.224319776032048e-16,2.224319776032048e-16,1.3033117835059715e-18,5.381427280833376e-15,1.291369831293013e-16,5.381427280833376e-15,6.592937762049507e-16,1.3274345043689447e-15,0.8597250746624,0.841978996841029,0.928378913268436,0.920004205908634,523,524,54,54
U342401001,GR5J_NSE,8.54758264815314e-16,8.54758264815314e-16,9.1231824845418e-18,3.6742390724478683e-16,3.6742390724478683e-16,6.082253444915561e-16,3.734459389738825e-16,1.3319223326528287e-15,0.906492203746692,0.8918744927384,0.912674089200643,0.916904309769536,561,561,34,34
U342401001,GR6J_NSE,4.284003923917131e-16,4.284003923917131e-16,8.145698646912322e-20,2.459439962738486e-16,2.459439962738486e-16,3.23754801926281e-15,1.2532995887334828e-16,1.557269393021552e-15,0.90282588023736,0.885840093306891,0.925886550146205,0.92680812869012,1838,1839,92,92
U342401001,CemaNeigeGR4J_NSE,4.094207724698518e-16,4.094207724698518e-16,2.0364246617280804e-20,4.989993640940812e-16,4.989993640940812e-16,1.0985260959962253e-15,1.2601232982284188e-16,1.9220137931585655e-15,0.889959470502119,0.881043169494601,0.909583054789874,0.924216488832295,984,985,25,25
U452521001,GR4J_NSE,1.0072611195291415e-15,1.0072611195291415e-15,6.516558917529857e-19,9.461223329536294e-16,9.461223329536294e-16,1.051449553453722e-14,7.167505839589039e-15,9.169309431338288e-15,0.821411872618484,0.650566153384957,0.87639498006543,0.762806087799093,232,232,21,21
U452521001,GR4J_KGE,5.261529870272637e-16,5.261529870272637e-16,6.516558917529857e-19,1.3447308547876817e-15,4.0831127837409436e-16,1.3447308547876817e-15,1.3337069468989058e-14,1.7580340546587517e-14,0.815718117593586,0.59935248863235,0.908170822986354,0.675719923172652,324,324,31,31
U452521001,GR5J_NSE,9.288672920720251e-16,9.288672920720251e-16,1.82463649690836e-17,6.553771564160975e-16,6.553771564160975e-16,2.850779045172073e-15,6.3784457914403986e-15,7.914852559872291e-15,0.847010773686685,0.678828344335639,0.895724612878137,0.645245868402901,492,492,27,27
U452521001,GR6J_NSE,1.9843396058236747e-16,1.9843396058236747e-16,2.606623567011943e-18,7.93642528371147e-16,7.93642528371147e-16,5.356969355664004e-15,5.356366780289834e-15,8.206726167702368e-15,0.839337347687568,0.683996472150619,0.870443042295074,0.649354006616347,1268,1268,47,47
U452521001,CemaNeigeGR4J_NSE,1.0596180158127764e-15,1.0596180158127764e-15,9.774838376294786e-17,5.369402495667819e-16,5.369402495667819e-16,8.456385657251905e-15,1.0393163821912005e-14,1.3671388703698228e-14,0.827073794911754,0.651616828740371,0.879630443369095,0.763353062198679,1074,1074,31,31
U463501001,GR4J_NSE,4.516270503752899e-16,4.516270503752899e-16,9.774838376294785e-19,6.621831031382769e-16,6.621831031382769e-16,3.708341758378802e-15,1.85988362928491e-15,6.477182310110258e-15,0.838305160131306,0.776010880082654,0.838278851167551,0.83988570341332,258,257,24,24
U463501001,GR4J_KGE,3.2432995205188287e-16,3.2432995205188287e-16,6.516558917529857e-19,3.906215627836083e-15,1.0830166494017951e-15,3.906215627836083e-15,1.5508523713574113e-16,9.076015884630865e-16,0.820096736454339,0.71587924494284,0.909502704736397,0.856274523002576,224,224,20,20
U463501001,GR5J_NSE,4.959213021445111e-16,4.959213021445111e-16,9.774838376294785e-19,1.3192599590947097e-16,1.3192599590947097e-16,1.4191873873491396e-15,9.81987573238012e-16,2.808094129926618e-15,0.841549852985005,0.791411356332148,0.860524366249338,0.869803696444881,2260,2260,190,190
U463501001,GR6J_NSE,5.646418030502424e-16,5.646418030502424e-16,8.145698646912322e-20,6.334822930290881e-16,6.334822930290881e-16,3.3043147680016104e-15,1.2682354352747318e-15,2.5827319818879367e-15,0.876285759556485,0.700326134246299,0.604785434994705,0.55882296039006,3283,3283,202,202
U463501001,CemaNeigeGR4J_NSE,8.373590750462354e-16,8.373590750462354e-16,2.8509945264193126e-17,1.3166514123659816e-16,1.3166514123659816e-16,5.164005496890969e-15,1.4020476078258544e-16,3.4002227590380584e-15,0.843217129604654,0.791858292420449,0.838471182620728,0.848938457444487,1003,1002,25,25
V125501001,GR4J_NSE,1.3875804529459154e-16,1.3875804529459154e-16,2.0364246617280804e-20,3.085173850431234e-16,3.085173850431234e-16,2.6612135407642665e-15,2.906848252646174e-15,1.99232756426706e-15,0.719715049101673,0.649287123999211,0.792654822499512,0.724424014353113,216,216,19,19
V125501001,GR4J_KGE,2.104650984483014e-16,2.104650984483014e-16,5.213247134023886e-18,1.96730665422412e-15,9.589628942898694e-16,1.96730665422412e-15,2.6715421561485665e-15,2.1012493466965035e-15,0.694639822605836,0.623360755548985,0.84650480562448,0.792544939778758,330,331,32,32
V125501001,GR5J_NSE,9.863233403538355e-16,9.863233403538355e-16,5.213247134023886e-17,1.2405893467230657e-15,1.2405893467230657e-15,1.801752705893623e-15,4.101990350307494e-15,4.8638841206708494e-15,0.715932650918041,0.649571313326136,0.801047739399325,0.73042728623035,949,949,71,71
V125501001,GR6J_NSE,0.0,0.0,0.0,7.708739679508872e-16,7.708739679508872e-16,1.4059249128071213e-16,6.828283015667451e-16,1.6907822181487143e-15,0.720106704067538,0.65036731610436,0.789674480131691,0.722296055623798,1036,1036,28,28
V125501001,CemaNeigeGR4J_NSE,1.2084087761419486e-15,1.2084087761419486e-15,9.774838376294786e-17,5.422995861500727e-16,5.422995861500727e-16,3.7548637853353156e-16,0.0,1.3950640537776764e-16,0.818900145218197,0.774407376761822,0.887027936108749,0.795822257493337,1087,1088,33,33
V301501001,GR4J_NSE,8.851000521402429e-16,8.851000521402429e-16,2.28079562113545e-18,3.768071825688381e-16,3.768071825688381e-16,7.637735737184464e-16,3.171816797529302e-15,1.1555883149775755e-15,0.883918679885301,0.735057697383069,0.872161380933892,0.768594150865363,257,258,24,24
V301501001,GR4J_KGE,1.9104798976908696e-16,1.9104798976908696e-16,1.3033117835059715e-18,1.1899058497534827e-15,7.680376043450906e-16,1.1899058497534827e-15,2.02425325849573e-15,3.0204562859202138e-15,0.867319270575442,0.712998695175744,0.933034344570342,0.808649562505161,193,194,16,16
V301501001,GR5J_NSE,7.142822256381696e-16,7.142822256381696e-16,7.819870701035828e-18,2.4951463703323873e-16,2.4951463703323873e-16,3.96391193103207e-15,3.8146003363363e-15,1.627201833052361e-15,0.889906129616965,0.727614249682747,0.896264533777241,0.750518652499806,1230,1230,98,98
V301501001,GR6J_NSE,4.525853310671306e-16,4.525853310671306e-16,3.47291987182544e-18,7.456871676407042e-16,7.456871676407042e-16,6.006407296494539e-15,3.894037326075277e-15,4.1516398649497004e-15,0.893315378998259,0.712771175298497,0.905714939417814,0.74877026188978,1608,1608,73,73
V301501001,CemaNeigeGR4J_NSE,1.957682485192239e-15,1.957682485192239e-15,6.516558917529858e-16,6.260784664245785e-16,6.260784664245785e-16,1.0188040734956608e-15,4.637763134694447e-15,2.009197338489827e-15,0.886648466737277,0.742101585695738,0.871785304757037,0.773598593179248,1014,1013,26,26
V445501001,GR4J_NSE,3.3244829461677593e-16,3.3244829461677593e-16,4.072849323456161e-20,6.491587253431509e-16,6.491587253431509e-16,1.275963247244558e-15,1.569477733865791e-16,0.0,0.855124472091385,0.707383737066826,0.870105802046166,0.827042461758035,273,273,26,26
V445501001,GR4J_KGE,1.5093912405083891e-16,1.5093912405083891e-16,1.3033117835059715e-18,1.3284632346040752e-15,6.611452648864314e-16,1.3284632346040752e-15,5.198738496795994e-16,1.4839819857008991e-15,0.839621096595062,0.640668707596694,0.919291776600534,0.822951584894655,289,289,28,28
V445501001,GR5J_NSE,9.484666597237648e-16,9.484666597237648e-16,1.5639741402071657e-17,1.2975680246004195e-15,1.2975680246004195e-15,3.6011883477894555e-15,7.804171498261156e-16,3.1047906666040437e-15,0.855618359559257,0.711301016944928,0.863221850325776,0.822442873235908,2649,2648,229,229
V445501001,GR6J_NSE,1.6496580361206603e-16,1.6496580361206603e-16,2.606623567011943e-18,3.857597693492382e-16,3.857597693492382e-16,3.660391660409469e-15,1.5368738931168246e-16,3.5998778723153525e-15,0.863404983753018,0.722390450900036,0.879590784296779,0.832695517128735,2189,2189,119,119
V445501001,CemaNeigeGR4J_NSE,1.8980231025177047e-15,1.8980231025177047e-15,1.1729806051553743e-15,9.0554502472522e-16,9.0554502472522e-16,1.6508063838526022e-15,3.0788680708567057e-16,2.127084524070783e-15,0.858219189568659,0.72118908577738,0.874293888205349,0.835113423701981,1121,1122,35,35
V504661001,GR4J_NSE,1.4302878210610146e-16,1.4302878210610146e-16,6.363827067900251e-22,7.645446665742201e-16,7.645446665742201e-16,1.4925268206893706e-15,4.1306133275404773e-16,1.2171229433767513e-15,0.871281749645725,0.806337657332519,0.892625587079794,0.8209529921361,357,357,36,36
V504661001,GR4J_KGE,2.0296550797650935e-16,2.0296550797650935e-16,1.3033117835059715e-18,1.5547196671789646e-15,2.587017232360446e-16,1.5547196671789646e-15,0.0,1.791216306573084e-15,0.858303540260663,0.797077877384348,0.928328085430057,0.867741226322853,297,297,28,28
V504661001,GR5J_NSE,1.00405722470432e-15,1.00405722470432e-15,7.819870701035828e-18,3.825803951199812e-16,3.825803951199812e-16,3.4531228443366262e-15,6.879408388339847e-16,5.389598799295537e-16,0.870580175137029,0.806917515252411,0.900235702314735,0.823974522756886,712,713,48,48
V504661001,GR6J_NSE,3.6819555172034664e-16,3.6819555172034664e-16,6.516558917529857e-19,6.308457140866309e-16,6.308457140866309e-16,2.4543782102223252e-15,8.098420323917748e-16,9.622445079165503e-16,0.879948139326421,0.822547840358131,0.904687810542931,0.807649314538886,1049,1049,29,29
V504661001,CemaNeigeGR4J_NSE,1.8660439844032731e-16,1.8660439844032731e-16,1.3033117835059715e-18,7.533799445843994e-16,7.533799445843994e-16,2.909417881605312e-15,5.342918421196573e-16,2.7678691336649956e-15,0.884193718672144,0.831173480186895,0.877671431382323,0.842333303751858,1087,1087,32,32
V713501001,GR4J_NSE,2.4968485320529994e-16,2.4968485320529994e-16,6.516558917529857e-19,8.314853209440467e-16,8.314853209440467e-16,9.057401233739036e-16,1.2355780682587588e-15,4.0816288683834773e-16,0.801137191476553,0.718836342694066,0.858034327045913,0.816014679745877,186,186,15,15
V713501001,GR4J_KGE,3.4117336732107625e-16,3.4117336732107625e-16,3.0546369925921205e-20,1.6164170169375158e-15,1.1280698247903476e-15,1.6164170169375158e-15,1.3618567638380919e-15,1.0471876593534368e-15,0.787343478374837,0.652181964567985,0.892894541995839,0.74213643590629,315,315,30,30
V713501001,GR5J_NSE,8.159475617803652e-16,8.159475617803652e-16,1.0426494268047772e-17,1.2416967163146452e-15,1.2416967163146452e-15,0.0,3.052109261124047e-16,1.5856567476500323e-15,0.804705939086533,0.727511979185357,0.848929479258358,0.84019926224552,441,441,22,22
V713501001,GR6J_NSE,4.412496452208904e-16,4.412496452208904e-16,6.94583974365088e-18,1.3540190203325663e-16,1.3540190203325663e-16,2.870907141103964e-15,0.0,8.94484899488378e-16,0.819946402490321,0.766258185627752,0.850773129929978,0.868830896622316,1668,1668,78,78
V713501001,CemaNeigeGR4J_NSE,2.698659489710677e-16,2.698659489710677e-16,6.516558917529857e-19,0.0,0.0,1.93622619398914e-15,1.2290437955025822e-15,3.395952633745718e-15,0.80488453590499,0.722658072031461,0.86009296956504,0.817313390646873,1028,1029,29,29
Y028406001,GR4J_NSE,2.680666855128818e-16,2.680666855128818e-16,4.072849323456161e-20,8.981861957576571e-16,8.981861957576571e-16,7.137959124413206e-15,0.0,4.8021134278111946e-15,0.865250569323264,0.919428659303138,0.886565911917242,0.92477867615151,278,278,26,26
Y028406001,GR4J_KGE,2.2626777643312024e-16,2.2626777643312024e-16,2.606623567011943e-18,5.980359660264631e-16,1.9433713346655968e-15,5.980359660264631e-16,3.625404909326774e-16,3.481349764298846e-15,0.856930689071986,0.918702643477681,0.928224293934881,0.956717738628677,556,556,58,58
Y028406001,GR5J_NSE,1.0150762934507653e-15,1.0150762934507653e-15,1.5639741402071657e-17,8.96228998639943e-16,8.96228998639943e-16,4.5674216813710845e-15,4.83461491900066e-16,6.27795774817979e-15,0.867140115324286,0.918561699929264,0.899375069279778,0.937276462591576,710,710,48,48
Y028406001,GR6J_NSE,4.468847593939164e-16,4.468847593939164e-16,1.6291397293824643e-19,1.1497205213419948e-15,1.1497205213419948e-15,5.303112135459861e-15,2.4183388846107557e-16,4.942135951986269e-15,0.869081401623012,0.918169932005913,0.900218378179589,0.943506360150129,1381,1381,56,56
Y028406001,CemaNeigeGR4J_NSE,1.635193863282666e-15,1.635193863282666e-15,6.516558917529858e-16,9.006758401995828e-16,9.006758401995828e-16,6.3437955955874926e-15,0.0,7.425696653626942e-15,0.862858847268955,0.91661949322883,0.875046340866804,0.912016847187748,1266,1268,47,47
Y062402001,GR4J_NSE,1.4465551583070207e-16,1.4465551583070207e-16,8.145698646912322e-20,8.413095819677424e-15,8.413095819677424e-15,5.433796061922837e-15,2.91530395465233e-15,2.252914485142094e-15,0.475069222354799,0.609321315043492,0.531227125775483,0.591352951182326,622,622,66,66
Y062402001,GR4J_KGE,0.0,0.0,0.0,1.9620458209236965e-15,1.8186212738496642e-14,1.9620458209236965e-15,8.563598712491478e-16,3.2611845918870967e-15,0.36323269124288,0.777866685653338,0.679019631112886,0.783001662337752,383,383,39,39
Y062402001,GR5J_NSE,7.720125564780372e-16,7.720125564780372e-16,5.551115123125783e-17,5.120953957348869e-15,5.120953957348869e-15,5.982810319346371e-16,2.986784496117415e-15,1.5207693384389699e-15,0.444440082734085,0.669081229972583,0.556706446651872,0.584032303420726,1055,1055,80,80
Y062402001,GR6J_NSE,1.2042857851004165e-15,1.2042857851004165e-15,2.4437095940736964e-19,8.81006587410546e-15,8.81006587410546e-15,8.038016060039708e-15,1.6206352658211696e-15,1.5549631956135594e-15,0.497769370846463,0.685054217959777,0.56629824660249,0.713986689689516,2268,2268,124,124
Y062402001,CemaNeigeGR4J_NSE,9.356105216852283e-16,9.356105216852283e-16,3.2582794587649288e-18,5.2249772878218766e-15,5.2249772878218766e-15,2.9608126647236806e-15,2.524070091819503e-15,3.3319588909160257e-15,0.531209497892369,0.747752270422185,0.637453076430591,0.69972902669032,1302,1303,50,50
Y152401001,GR4J_NSE,5.551643088654962e-16,5.551643088654962e-16,3.2582794587649287e-19,2.076959705068992e-15,2.076959705068992e-15,6.587314837080277e-15,2.5130763656888945e-14,5.41842364905353e-14,0.748359359443417,0.543387514575032,0.792135846667844,0.324762995292598,289,289,28,28
Y152401001,GR4J_KGE,0.0,0.0,0.0,4.130725116568753e-15,9.263746964039583e-16,4.130725116568753e-15,9.93963876740429e-15,9.446639633090207e-15,0.719076003868544,0.513803975454674,0.860070224607832,0.317319415465766,667,668,70,70
Y152401001,GR5J_NSE,8.077312893966702e-16,8.077312893966702e-16,5.213247134023886e-17,8.908173739122486e-16,8.908173739122486e-16,1.103316020857139e-15,2.4662649504899623e-14,5.902342239809517e-14,0.747778202674247,0.544698111015833,0.805008177992486,0.309422395602618,1275,1275,104,104
Y152401001,GR6J_NSE,1.244656367995643e-16,1.244656367995643e-16,3.2582794587649287e-19,2.933644535094211e-16,2.933644535094211e-16,3.096357030967154e-15,8.851931403097129e-15,1.87981804377824e-14,0.756889944465956,0.539312697816191,0.824682984261755,0.3307367411691,1569,1569,70,70
Y152401001,CemaNeigeGR4J_NSE,6.090532010426015e-16,6.090532010426015e-16,1.734723475976807e-18,1.5212984060402399e-15,1.5212984060402399e-15,2.6765141424437075e-15,1.918570088229861e-14,5.341968044171981e-14,0.65680784137771,0.59603228590881,0.746643334565273,0.350194119662383,1099,1099,33,33
Y503201001,GR4J_NSE,3.3458675793990535e-16,3.3458675793990535e-16,5.213247134023886e-18,1.827910981982047e-15,1.827910981982047e-15,1.060406887679853e-14,4.151681997500107e-15,9.488659863474251e-15,0.850321623862581,0.802245710505043,0.889931574281034,0.77223465357131,459,459,47,47
Y503201001,GR4J_KGE,3.3667893635785393e-16,3.3667893635785393e-16,6.516558917529857e-19,2.4140675191183587e-15,2.1136551630654963e-15,2.4140675191183587e-15,1.5238123520885954e-15,9.536012473953799e-15,0.84041941677182,0.801440758380641,0.919794509335531,0.803327270264925,305,305,30,30
Y503201001,GR5J_NSE,8.984228365626563e-16,8.984228365626563e-16,2.606623567011943e-17,1.4239170375681343e-15,1.4239170375681343e-15,3.729263945922602e-15,3.1302635295484263e-15,1.1445890223610813e-14,0.85766606822361,0.81575015411122,0.893117012411273,0.775980201057645,622,622,40,40
Y503201001,GR6J_NSE,1.1767607878374884e-16,1.1767607878374884e-16,5.091061654320201e-21,3.8298431922542726e-16,3.8298431922542726e-16,1.1041936287142497e-15,2.6677320106819454e-16,4.211800636618497e-15,0.869661995721296,0.832334747403172,0.904914406476095,0.79079457012228,1894,1894,96,96
Y503201001,CemaNeigeGR4J_NSE,9.85149629309055e-16,9.85149629309055e-16,2.8509945264193126e-17,1.0948864089828252e-15,1.0948864089828252e-15,1.946215804217591e-14,3.2823181958810097e-15,1.2385239793793498e-14,0.912606745288693,0.811784568127523,0.924132511921412,0.797803279038284,1170,1170,39,39
Y510661001,GR4J_NSE,1.5008516652648058e-16,1.5008516652648058e-16,5.213247134023886e-18,3.9785780695014095e-15,3.9785780695014095e-15,3.103543003002055e-14,4.1672711440226575e-15,1.0573824453978904e-14,0.753435552632898,0.799244627663076,0.65464152843984,0.85047813481335,313,314,31,31
Y510661001,GR4J_KGE,9.913660876464383e-16,9.913660876464383e-16,9.774838376294785e-19,1.118796493295762e-14,1.9630643073119573e-15,1.118796493295762e-14,9.227145991815125e-15,1.144163246966297e-14,0.678667338908767,0.733960474476163,0.833562981537336,0.815082413421205,563,563,59,59
Y510661001,GR5J_NSE,1.0192558149495412e-15,1.0192558149495412e-15,4.1705977072191087e-17,6.238194133328515e-15,6.238194133328515e-15,1.795418862635758e-14,3.3736350136565843e-15,1.1125834185210885e-14,0.76527900604801,0.789811360243254,0.791506372743562,0.888111826464058,885,885,65,65
Y510661001,GR6J_NSE,4.845244667834606e-16,4.845244667834606e-16,6.516558917529857e-19,4.695621928083408e-15,4.695621928083408e-15,1.0725335499283319e-14,1.1952884388553905e-14,1.3818673058526142e-14,0.827532677396387,0.566587965721368,0.848815293706627,0.602566733392039,1550,1550,69,69
Y510661001,CemaNeigeGR4J_NSE,1.025520041582662e-15,1.025520041582662e-15,1.2218547970368483e-17,5.031145745270162e-15,5.031145745270162e-15,2.8919099686943026e-14,5.29795704412711e-15,6.941008742672477e-15,0.794412066557206,0.775360229782664,0.714066083715305,0.879731874979212,1157,1156,38,38
Y523501001,GR4J_NSE,1.3716751413517617e-16,1.3716751413517617e-16,5.213247134023886e-18,8.397773361487347e-16,8.397773361487347e-16,1.508159565231183e-14,7.503351139138912e-15,1.641267632363547e-14,0.793226711535251,0.710225393878117,0.853927355072517,0.527625075966773,216,217,19,19
Y523501001,GR4J_KGE,8.685881622095552e-16,8.685881622095552e-16,2.606623567011943e-18,2.2467526710495187e-15,4.696315975634723e-15,2.2467526710495187e-15,6.044211991721557e-15,2.0203693143659364e-14,0.780129786894897,0.753103035961952,0.889462142440349,0.593476082847492,664,665,70,70
Y523501001,GR5J_NSE,7.704686545756993e-16,7.704686545756993e-16,4.1705977072191087e-17,2.123293376680177e-15,2.123293376680177e-15,1.7769164153443328e-14,1.594314217954636e-14,4.275244654270778e-14,0.784316738905637,0.724218559056353,0.855980354845066,0.579100740454909,1683,1683,137,137
Y523501001,GR6J_NSE,1.945990678973491e-16,1.945990678973491e-16,5.213247134023886e-18,1.6313282781014338e-15,1.6313282781014338e-15,8.233487914574836e-15,5.84041142773045e-15,1.3978695598674722e-14,0.816676598716662,0.722354502894159,0.862991168666568,0.57978428835177,2312,2312,127,127
Y523501001,CemaNeigeGR4J_NSE,8.507363776709465e-16,8.507363776709465e-16,2.4437095940736966e-17,1.1030611522272393e-15,1.1030611522272393e-15,1.5933323624867937e-14,9.375935903249742e-15,2.1822229681727155e-14,0.805194179766702,0.722313006413165,0.864023466131414,0.539283301141354,1108,1109,34,34
Y531201001,GR4J_NSE,1.643110648426008e-16,1.643110648426008e-16,6.516558917529857e-19,3.968884166701252e-16,3.968884166701252e-16,9.755359439688118e-15,3.581860217427889e-15,5.117261524236892e-15,0.839195333998312,0.836884184341644,0.842167880437301,0.650869426567397,224,225,20,20
Y531201001,GR4J_KGE,0.0,0.0,0.0,1.9442018024807364e-15,1.341093273583404e-15,1.9442018024807364e-15,2.80544973575542e-15,2.8894598517232022e-15,0.827849223088442,0.83104976788509,0.913668960255915,0.730040857127601,256,257,24,24
Y531201001,GR5J_NSE,1.0068578499121049e-15,1.0068578499121049e-15,2.3459612103107487e-17,7.788654679972941e-16,7.788654679972941e-16,3.2126866715069337e-15,3.1451018904244472e-15,6.0097356441838316e-15,0.855261713538195,0.847201569911868,0.898494051606793,0.702002175030537,982,982,75,75
Y531201001,GR6J_NSE,0.0,0.0,0.0,1.2550148938304843e-15,1.2550148938304843e-15,3.510313910139032e-15,1.5158277131008791e-15,4.863414381063141e-15,0.884629361836972,0.878904388695211,0.917196254760428,0.75332589292178,1444,1444,61,61
Y531201001,CemaNeigeGR4J_NSE,1.125493387021108e-15,1.125493387021108e-15,1.6291397293824645e-17,1.304379636339047e-16,1.304379636339047e-16,1.1462185544143645e-14,4.350688776641133e-15,7.905368904909975e-15,0.851150227813413,0.842104818191922,0.862050686678368,0.660063847557745,1415,1416,58,58
Y561501001,GR4J_NSE,1.4747607882298712e-15,1.4747607882298712e-15,1.0426494268047772e-17,4.854543433849203e-15,4.854543433849203e-15,1.7051934567324097e-15,1.1300011131634205e-14,2.7398974368429762e-14,0.754702482568585,0.668098153135116,0.781299989329748,0.4923253537818,240,240,22,22
Y561501001,GR4J_KGE,2.3585542924104282e-16,2.3585542924104282e-16,2.606623567011943e-18,5.267461137551507e-16,2.4334889661330056e-15,5.267461137551507e-16,1.5851285275065961e-15,8.960733188125745e-15,0.684340286771086,0.700399371634258,0.84308018275478,0.58232380165642,264,264,25,25
Y561501001,GR5J_NSE,8.922903927904397e-16,8.922903927904397e-16,8.341195414438217e-17,6.578723538076704e-15,6.578723538076704e-15,3.886634246523499e-15,1.2809079452084129e-14,3.642368001450664e-14,0.759418385937189,0.667395133396785,0.799824288002152,0.489216892366089,655,655,43,43
Y561501001,GR6J_NSE,0.0,0.0,0.0,1.0344153146857373e-15,1.0344153146857373e-15,1.3284747270696168e-15,1.3877207725355927e-15,2.2142399869267765e-15,0.858628451348828,0.800033440874851,0.919283823924544,0.60168167742255,1000,1000,25,25
Y561501001,CemaNeigeGR4J_NSE,1.3818752283243756e-15,1.3818752283243756e-15,2.8509945264193126e-17,3.888360914754741e-15,3.888360914754741e-15,5.4343804301764766e-15,1.1379168976833745e-14,2.692590028940704e-14,0.770916648995531,0.682963860383637,0.796755003016508,0.503036881026985,1060,1060,30,30
Y643401001,GR4J_NSE,3.526997378626355e-16,3.526997378626355e-16,1.5273184962960602e-20,3.15771579137073e-15,3.15771579137073e-15,6.131056505055891e-15,3.7702494107302905e-15,1.9462665534970535e-14,0.808658259750922,0.853961216000645,0.869192856697081,0.764385972889793,281,281,27,27
Y643401001,GR4J_KGE,3.96610239739695e-16,3.96610239739695e-16,1.5273184962960602e-20,1.970890947119283e-15,2.35318313302811e-15,1.970890947119283e-15,1.911266209019558e-15,1.7015556671107075e-14,0.802053658881219,0.871325265459498,0.901296361423056,0.835168369150829,607,607,64,64
Y643401001,GR5J_NSE,9.687314439215179e-16,9.687314439215179e-16,5.213247134023886e-17,3.858343280792986e-15,3.858343280792986e-15,5.50997181942266e-15,2.0787570395143556e-15,1.4032500779287017e-14,0.805688929864099,0.85452835787642,0.866421673711644,0.767444342833038,692,692,46,46
Y643401001,GR6J_NSE,2.000854101121407e-16,2.000854101121407e-16,1.3033117835059715e-18,1.5746582391691713e-15,1.5746582391691713e-15,2.1945473037488495e-15,3.8574486768510206e-16,3.037155037254976e-15,0.846067798338975,0.863438337848326,0.910621266131516,0.877312888679078,1660,1660,78,78
Y643401001,CemaNeigeGR4J_NSE,2.617288204625266e-16,2.617288204625266e-16,1.0426494268047772e-17,2.2925443478191404e-15,2.2925443478191404e-15,8.308863652001497e-15,4.452709348140138e-15,2.096693295638137e-14,0.823268323536772,0.872677797353,0.881886172336086,0.783676887727701,1108,1108,34,34
